month,facility_name,ward,lga,state,latitude,longitude,facility_type,has_electricity,has_water_supply,total_staff,required_staff,staff_gap
1/9/2022,Farm Center Idp Camp,Mairi,Jere,Borno,11.88839,13.32141,PHC,yes,no,14,16,2
1/1/2022,Taimakon Jamaa Health Clinic,Dala Lawanti,Jere,Borno,11.8323,13.31452,PHC,yes,yes,8,8,0
1/4/2022,Khadammari Health Clinic,Tuba,Jere,Borno,11.92107,13.30946,PHC,yes,no,8,9,1
1/10/2022,Lambu 2 Idp Camp Clinic,Tuba,Jere,Borno,11.8866,13.30569,PHC,yes,yes,15,19,4
1/2/2022,Madinatu Idp Camp Clinic,Old Maiduguri,Jere,Borno,11.92997,13.25702,PHC,yes,no,33,42,9
1/5/2022,Divine Health Clinic,Mairi,Jere,Borno,11.90527,13.30253,PHC,yes,yes,34,42,8
1/24/2022,Fariya Idp Camp Clinic,Maimusari,Jere,Borno,11.85692,13.34843,PHC,yes,yes,14,18,4
1/28/2022,Dalori Idp Camp Clinic,Alau,Jere,Borno,11.92076,13.26017,PHC,yes,no,10,10,0
1/3/2022,Benisheikh Maternal and Child Health,Gomari,Jere,Borno,11.89832,13.25934,PHC,no,yes,30,38,8
1/23/2022,Elmiskin Idp Clinic,Dusuman,Jere,Borno,11.91205,13.26427,PHC,yes,yes,25,29,4
1/6/2022,Madinatu Idp Camp,Old Maiduguri,Jere,Borno,11.81364,13.20707,PHC,yes,yes,7,9,2
1/25/2022,University Of Maiduguri Teaching Hospital Umth,Alau,Jere,Borno,11.85772,13.28938,PHC,yes,yes,16,17,1
1/4/2022,505 Housing Estate Health Clinic,Mashamari,Jere,Borno,11.90226,13.28055,PHC,yes,yes,29,40,11
1/25/2022,Fori Clinic,Gongulong,Jere,Borno,11.80049,13.30831,PHC,no,no,19,19,0
1/13/2022,Laje Clinic,Gongulong,Jere,Borno,11.93058,13.24477,PHC,yes,yes,16,18,2
1/24/2022,Chase Clinic,Dala Lawanti,Jere,Borno,11.88984,13.27329,PHC,yes,yes,28,37,9
1/28/2022,Koshebe Clinic,Bale Galtimari,Jere,Borno,11.83613,13.2851,PHC,yes,no,22,27,5
1/26/2022,202 Clinic,Bale Galtimari,Jere,Borno,11.81926,13.27129,PHC,yes,yes,26,33,7
1/19/2022,Tamus Ngamdaa Clinic,Dala Lawanti,Jere,Borno,11.93934,13.31329,PHC,yes,no,28,35,7
1/12/2022,Dusuman Health Center,Maimusari,Jere,Borno,11.86572,13.27764,PHC,yes,yes,27,27,0
1/5/2022,Dala Clinic,Dusuman,Jere,Borno,11.88827,13.20108,PHC,no,yes,35,37,2
1/8/2022,Jiddari Primary Health Center,Gongulong,Jere,Borno,11.81063,13.2357,PHC,yes,yes,26,34,8
1/14/2022,Gongu Along Model Primary Health Center,Bale Galtimari,Jere,Borno,11.83645,13.27095,PHC,yes,yes,21,26,5
1/13/2022,Gomari Clinic,Mashamari,Jere,Borno,11.87005,13.30936,PHC,yes,no,15,16,1
1/19/2022,Dalaram Clinic,Ngudda/Addamari,Jere,Borno,11.92009,13.21639,PHC,yes,yes,32,36,4
1/18/2022,Mashamari Clinic,Gomari,Jere,Borno,11.83747,13.33849,PHC,yes,no,20,24,4
1/17/2022,Mairi Clinic,Alau,Jere,Borno,11.94535,13.33896,PHC,no,yes,18,18,0
1/20/2022,Zabamari Clinic,Dusuman,Jere,Borno,11.93537,13.2247,PHC,yes,yes,25,34,9
1/21/2022,Maimusari Health Clinic,Ngudda/Addamari,Jere,Borno,11.90449,13.30958,PHC,no,no,33,40,7
2/11/2022,Farm Center Idp Camp,Mairi,Jere,Borno,11.88839,13.32141,PHC,yes,no,22,28,6
2/1/2022,Taimakon Jamaa Health Clinic,Dala Lawanti,Jere,Borno,11.8323,13.31452,PHC,yes,yes,15,16,1
2/13/2022,Khadammari Health Clinic,Tuba,Jere,Borno,11.92107,13.30946,PHC,yes,no,25,27,2
2/20/2022,Lambu 2 Idp Camp Clinic,Tuba,Jere,Borno,11.8866,13.30569,PHC,yes,yes,33,34,1
2/12/2022,Madinatu Idp Camp Clinic,Old Maiduguri,Jere,Borno,11.92997,13.25702,PHC,yes,no,35,43,8
2/15/2022,Divine Health Clinic,Mairi,Jere,Borno,11.90527,13.30253,PHC,yes,yes,25,27,2
2/8/2022,Fariya Idp Camp Clinic,Maimusari,Jere,Borno,11.85692,13.34843,PHC,yes,yes,12,13,1
2/22/2022,Dalori Idp Camp Clinic,Alau,Jere,Borno,11.92076,13.26017,PHC,yes,no,26,32,6
2/5/2022,Benisheikh Maternal and Child Health,Gomari,Jere,Borno,11.89832,13.25934,PHC,no,yes,13,15,2
2/9/2022,Elmiskin Idp Clinic,Dusuman,Jere,Borno,11.91205,13.26427,PHC,yes,yes,6,7,1
2/6/2022,Madinatu Idp Camp,Old Maiduguri,Jere,Borno,11.81364,13.20707,PHC,yes,yes,33,39,6
2/3/2022,University Of Maiduguri Teaching Hospital Umth,Alau,Jere,Borno,11.85772,13.28938,PHC,yes,yes,25,27,2
2/23/2022,505 Housing Estate Health Clinic,Mashamari,Jere,Borno,11.90226,13.28055,PHC,yes,yes,34,35,1
2/26/2022,Fori Clinic,Gongulong,Jere,Borno,11.80049,13.30831,PHC,no,no,10,13,3
2/22/2022,Laje Clinic,Gongulong,Jere,Borno,11.93058,13.24477,PHC,yes,yes,25,26,1
2/23/2022,Chase Clinic,Dala Lawanti,Jere,Borno,11.88984,13.27329,PHC,yes,yes,28,35,7
2/13/2022,Koshebe Clinic,Bale Galtimari,Jere,Borno,11.83613,13.2851,PHC,yes,no,20,26,6
2/13/2022,202 Clinic,Bale Galtimari,Jere,Borno,11.81926,13.27129,PHC,yes,yes,26,34,8
2/13/2022,Tamus Ngamdaa Clinic,Dala Lawanti,Jere,Borno,11.93934,13.31329,PHC,yes,no,30,34,4
2/1/2022,Dusuman Health Center,Maimusari,Jere,Borno,11.86572,13.27764,PHC,yes,yes,11,14,3
2/21/2022,Dala Clinic,Dusuman,Jere,Borno,11.88827,13.20108,PHC,no,yes,8,9,1
2/14/2022,Jiddari Primary Health Center,Gongulong,Jere,Borno,11.81063,13.2357,PHC,yes,yes,32,44,12
2/15/2022,Gongu Along Model Primary Health Center,Bale Galtimari,Jere,Borno,11.83645,13.27095,PHC,yes,yes,13,14,1
2/27/2022,Gomari Clinic,Mashamari,Jere,Borno,11.87005,13.30936,PHC,yes,no,34,41,7
2/18/2022,Dalaram Clinic,Ngudda/Addamari,Jere,Borno,11.92009,13.21639,PHC,yes,yes,18,24,6
2/14/2022,Mashamari Clinic,Gomari,Jere,Borno,11.83747,13.33849,PHC,yes,no,28,28,0
2/28/2022,Mairi Clinic,Alau,Jere,Borno,11.94535,13.33896,PHC,no,yes,24,24,0
2/15/2022,Zabamari Clinic,Dusuman,Jere,Borno,11.93537,13.2247,PHC,yes,yes,26,34,8
2/22/2022,Maimusari Health Clinic,Ngudda/Addamari,Jere,Borno,11.90449,13.30958,PHC,no,no,26,34,8
3/19/2022,Farm Center Idp Camp,Mairi,Jere,Borno,11.88839,13.32141,PHC,yes,no,7,7,0
3/2/2022,Taimakon Jamaa Health Clinic,Dala Lawanti,Jere,Borno,11.8323,13.31452,PHC,yes,yes,13,17,4
3/26/2022,Khadammari Health Clinic,Tuba,Jere,Borno,11.92107,13.30946,PHC,yes,no,7,7,0
3/10/2022,Lambu 2 Idp Camp Clinic,Tuba,Jere,Borno,11.8866,13.30569,PHC,yes,yes,17,20,3
3/15/2022,Madinatu Idp Camp Clinic,Old Maiduguri,Jere,Borno,11.92997,13.25702,PHC,yes,no,32,36,4
3/23/2022,Divine Health Clinic,Mairi,Jere,Borno,11.90527,13.30253,PHC,yes,yes,31,37,6
3/23/2022,Fariya Idp Camp Clinic,Maimusari,Jere,Borno,11.85692,13.34843,PHC,yes,yes,18,22,4
3/22/2022,Dalori Idp Camp Clinic,Alau,Jere,Borno,11.92076,13.26017,PHC,yes,no,30,34,4
3/13/2022,Benisheikh Maternal and Child Health,Gomari,Jere,Borno,11.89832,13.25934,PHC,no,yes,20,25,5
3/8/2022,Elmiskin Idp Clinic,Dusuman,Jere,Borno,11.91205,13.26427,PHC,yes,yes,24,24,0
3/3/2022,Madinatu Idp Camp,Old Maiduguri,Jere,Borno,11.81364,13.20707,PHC,yes,yes,32,36,4
3/9/2022,University Of Maiduguri Teaching Hospital Umth,Alau,Jere,Borno,11.85772,13.28938,PHC,yes,yes,17,23,6
3/5/2022,505 Housing Estate Health Clinic,Mashamari,Jere,Borno,11.90226,13.28055,PHC,yes,yes,8,10,2
3/1/2022,Fori Clinic,Gongulong,Jere,Borno,11.80049,13.30831,PHC,no,no,18,20,2
3/5/2022,Laje Clinic,Gongulong,Jere,Borno,11.93058,13.24477,PHC,yes,yes,19,21,2
3/20/2022,Chase Clinic,Dala Lawanti,Jere,Borno,11.88984,13.27329,PHC,yes,yes,27,27,0
3/20/2022,Koshebe Clinic,Bale Galtimari,Jere,Borno,11.83613,13.2851,PHC,yes,no,30,38,8
3/28/2022,202 Clinic,Bale Galtimari,Jere,Borno,11.81926,13.27129,PHC,yes,yes,24,31,7
3/5/2022,Tamus Ngamdaa Clinic,Dala Lawanti,Jere,Borno,11.93934,13.31329,PHC,yes,no,27,32,5
3/8/2022,Dusuman Health Center,Maimusari,Jere,Borno,11.86572,13.27764,PHC,yes,yes,26,33,7
3/5/2022,Dala Clinic,Dusuman,Jere,Borno,11.88827,13.20108,PHC,no,yes,8,10,2
3/21/2022,Jiddari Primary Health Center,Gongulong,Jere,Borno,11.81063,13.2357,PHC,yes,yes,26,29,3
3/18/2022,Gongu Along Model Primary Health Center,Bale Galtimari,Jere,Borno,11.83645,13.27095,PHC,yes,yes,33,43,10
3/20/2022,Gomari Clinic,Mashamari,Jere,Borno,11.87005,13.30936,PHC,yes,no,26,36,10
3/13/2022,Dalaram Clinic,Ngudda/Addamari,Jere,Borno,11.92009,13.21639,PHC,yes,yes,24,31,7
3/9/2022,Mashamari Clinic,Gomari,Jere,Borno,11.83747,13.33849,PHC,yes,no,24,31,7
3/7/2022,Mairi Clinic,Alau,Jere,Borno,11.94535,13.33896,PHC,no,yes,18,19,1
3/2/2022,Zabamari Clinic,Dusuman,Jere,Borno,11.93537,13.2247,PHC,yes,yes,9,9,0
3/20/2022,Maimusari Health Clinic,Ngudda/Addamari,Jere,Borno,11.90449,13.30958,PHC,no,no,32,38,6
4/11/2022,Farm Center Idp Camp,Mairi,Jere,Borno,11.88839,13.32141,PHC,yes,no,19,23,4
4/25/2022,Taimakon Jamaa Health Clinic,Dala Lawanti,Jere,Borno,11.8323,13.31452,PHC,yes,yes,20,27,7
4/9/2022,Khadammari Health Clinic,Tuba,Jere,Borno,11.92107,13.30946,PHC,yes,no,22,24,2
4/14/2022,Lambu 2 Idp Camp Clinic,Tuba,Jere,Borno,11.8866,13.30569,PHC,yes,yes,33,33,0
4/16/2022,Madinatu Idp Camp Clinic,Old Maiduguri,Jere,Borno,11.92997,13.25702,PHC,yes,no,34,38,4
4/24/2022,Divine Health Clinic,Mairi,Jere,Borno,11.90527,13.30253,PHC,yes,yes,23,25,2
4/6/2022,Fariya Idp Camp Clinic,Maimusari,Jere,Borno,11.85692,13.34843,PHC,yes,yes,9,11,2
4/17/2022,Dalori Idp Camp Clinic,Alau,Jere,Borno,11.92076,13.26017,PHC,yes,no,27,33,6
4/25/2022,Benisheikh Maternal and Child Health,Gomari,Jere,Borno,11.89832,13.25934,PHC,no,yes,30,40,10
4/3/2022,Elmiskin Idp Clinic,Dusuman,Jere,Borno,11.91205,13.26427,PHC,yes,yes,20,27,7
4/14/2022,Madinatu Idp Camp,Old Maiduguri,Jere,Borno,11.81364,13.20707,PHC,yes,yes,34,41,7
4/17/2022,University Of Maiduguri Teaching Hospital Umth,Alau,Jere,Borno,11.85772,13.28938,PHC,yes,yes,17,18,1
4/5/2022,505 Housing Estate Health Clinic,Mashamari,Jere,Borno,11.90226,13.28055,PHC,yes,yes,16,21,5
4/28/2022,Fori Clinic,Gongulong,Jere,Borno,11.80049,13.30831,PHC,no,no,19,19,0
4/5/2022,Laje Clinic,Gongulong,Jere,Borno,11.93058,13.24477,PHC,yes,yes,22,26,4
4/7/2022,Chase Clinic,Dala Lawanti,Jere,Borno,11.88984,13.27329,PHC,yes,yes,28,36,8
4/9/2022,Koshebe Clinic,Bale Galtimari,Jere,Borno,11.83613,13.2851,PHC,yes,no,18,19,1
4/12/2022,202 Clinic,Bale Galtimari,Jere,Borno,11.81926,13.27129,PHC,yes,yes,25,31,6
4/8/2022,Tamus Ngamdaa Clinic,Dala Lawanti,Jere,Borno,11.93934,13.31329,PHC,yes,no,7,7,0
4/21/2022,Dusuman Health Center,Maimusari,Jere,Borno,11.86572,13.27764,PHC,yes,yes,24,32,8
4/15/2022,Dala Clinic,Dusuman,Jere,Borno,11.88827,13.20108,PHC,no,yes,21,25,4
4/2/2022,Jiddari Primary Health Center,Gongulong,Jere,Borno,11.81063,13.2357,PHC,yes,yes,17,17,0
4/19/2022,Gongu Along Model Primary Health Center,Bale Galtimari,Jere,Borno,11.83645,13.27095,PHC,yes,yes,16,20,4
4/18/2022,Gomari Clinic,Mashamari,Jere,Borno,11.87005,13.30936,PHC,yes,no,12,16,4
4/16/2022,Dalaram Clinic,Ngudda/Addamari,Jere,Borno,11.92009,13.21639,PHC,yes,yes,15,15,0
4/17/2022,Mashamari Clinic,Gomari,Jere,Borno,11.83747,13.33849,PHC,yes,no,31,43,12
4/20/2022,Mairi Clinic,Alau,Jere,Borno,11.94535,13.33896,PHC,no,yes,23,29,6
4/20/2022,Zabamari Clinic,Dusuman,Jere,Borno,11.93537,13.2247,PHC,yes,yes,11,12,1
4/6/2022,Maimusari Health Clinic,Ngudda/Addamari,Jere,Borno,11.90449,13.30958,PHC,no,no,15,17,2
5/4/2022,Farm Center Idp Camp,Mairi,Jere,Borno,11.88839,13.32141,PHC,yes,no,32,34,2
5/13/2022,Taimakon Jamaa Health Clinic,Dala Lawanti,Jere,Borno,11.8323,13.31452,PHC,yes,yes,32,40,8
5/9/2022,Khadammari Health Clinic,Tuba,Jere,Borno,11.92107,13.30946,PHC,yes,no,29,40,11
5/6/2022,Lambu 2 Idp Camp Clinic,Tuba,Jere,Borno,11.8866,13.30569,PHC,yes,yes,15,20,5
5/14/2022,Madinatu Idp Camp Clinic,Old Maiduguri,Jere,Borno,11.92997,13.25702,PHC,yes,no,32,43,11
5/5/2022,Divine Health Clinic,Mairi,Jere,Borno,11.90527,13.30253,PHC,yes,yes,17,22,5
5/15/2022,Fariya Idp Camp Clinic,Maimusari,Jere,Borno,11.85692,13.34843,PHC,yes,yes,25,29,4
5/28/2022,Dalori Idp Camp Clinic,Alau,Jere,Borno,11.92076,13.26017,PHC,yes,no,18,22,4
5/13/2022,Benisheikh Maternal and Child Health,Gomari,Jere,Borno,11.89832,13.25934,PHC,no,yes,30,38,8
5/9/2022,Elmiskin Idp Clinic,Dusuman,Jere,Borno,11.91205,13.26427,PHC,yes,yes,10,11,1
5/3/2022,Madinatu Idp Camp,Old Maiduguri,Jere,Borno,11.81364,13.20707,PHC,yes,yes,9,9,0
5/25/2022,University Of Maiduguri Teaching Hospital Umth,Alau,Jere,Borno,11.85772,13.28938,PHC,yes,yes,15,16,1
5/28/2022,505 Housing Estate Health Clinic,Mashamari,Jere,Borno,11.90226,13.28055,PHC,yes,yes,10,13,3
5/28/2022,Fori Clinic,Gongulong,Jere,Borno,11.80049,13.30831,PHC,no,no,23,24,1
5/2/2022,Laje Clinic,Gongulong,Jere,Borno,11.93058,13.24477,PHC,yes,yes,15,20,5
5/1/2022,Chase Clinic,Dala Lawanti,Jere,Borno,11.88984,13.27329,PHC,yes,yes,8,10,2
5/15/2022,Koshebe Clinic,Bale Galtimari,Jere,Borno,11.83613,13.2851,PHC,yes,no,19,20,1
5/17/2022,202 Clinic,Bale Galtimari,Jere,Borno,11.81926,13.27129,PHC,yes,yes,25,29,4
5/12/2022,Tamus Ngamdaa Clinic,Dala Lawanti,Jere,Borno,11.93934,13.31329,PHC,yes,no,22,27,5
5/2/2022,Dusuman Health Center,Maimusari,Jere,Borno,11.86572,13.27764,PHC,yes,yes,21,26,5
5/27/2022,Dala Clinic,Dusuman,Jere,Borno,11.88827,13.20108,PHC,no,yes,15,16,1
5/16/2022,Jiddari Primary Health Center,Gongulong,Jere,Borno,11.81063,13.2357,PHC,yes,yes,19,22,3
5/21/2022,Gongu Along Model Primary Health Center,Bale Galtimari,Jere,Borno,11.83645,13.27095,PHC,yes,yes,23,30,7
5/15/2022,Gomari Clinic,Mashamari,Jere,Borno,11.87005,13.30936,PHC,yes,no,25,26,1
5/12/2022,Dalaram Clinic,Ngudda/Addamari,Jere,Borno,11.92009,13.21639,PHC,yes,yes,31,41,10
5/7/2022,Mashamari Clinic,Gomari,Jere,Borno,11.83747,13.33849,PHC,yes,no,28,38,10
5/7/2022,Mairi Clinic,Alau,Jere,Borno,11.94535,13.33896,PHC,no,yes,16,18,2
5/8/2022,Zabamari Clinic,Dusuman,Jere,Borno,11.93537,13.2247,PHC,yes,yes,35,38,3
5/24/2022,Maimusari Health Clinic,Ngudda/Addamari,Jere,Borno,11.90449,13.30958,PHC,no,no,10,12,2
6/5/2022,Farm Center Idp Camp,Mairi,Jere,Borno,11.88839,13.32141,PHC,yes,no,10,13,3
6/22/2022,Taimakon Jamaa Health Clinic,Dala Lawanti,Jere,Borno,11.8323,13.31452,PHC,yes,yes,20,27,7
6/22/2022,Khadammari Health Clinic,Tuba,Jere,Borno,11.92107,13.30946,PHC,yes,no,29,32,3
6/12/2022,Lambu 2 Idp Camp Clinic,Tuba,Jere,Borno,11.8866,13.30569,PHC,yes,yes,23,28,5
6/3/2022,Madinatu Idp Camp Clinic,Old Maiduguri,Jere,Borno,11.92997,13.25702,PHC,yes,no,33,36,3
6/28/2022,Divine Health Clinic,Mairi,Jere,Borno,11.90527,13.30253,PHC,yes,yes,23,24,1
6/21/2022,Fariya Idp Camp Clinic,Maimusari,Jere,Borno,11.85692,13.34843,PHC,yes,yes,30,34,4
6/6/2022,Dalori Idp Camp Clinic,Alau,Jere,Borno,11.92076,13.26017,PHC,yes,no,20,22,2
6/19/2022,Benisheikh Maternal and Child Health,Gomari,Jere,Borno,11.89832,13.25934,PHC,no,yes,19,23,4
6/5/2022,Elmiskin Idp Clinic,Dusuman,Jere,Borno,11.91205,13.26427,PHC,yes,yes,19,22,3
6/10/2022,Madinatu Idp Camp,Old Maiduguri,Jere,Borno,11.81364,13.20707,PHC,yes,yes,29,38,9
6/26/2022,University Of Maiduguri Teaching Hospital Umth,Alau,Jere,Borno,11.85772,13.28938,PHC,yes,yes,14,17,3
6/1/2022,505 Housing Estate Health Clinic,Mashamari,Jere,Borno,11.90226,13.28055,PHC,yes,yes,35,40,5
6/1/2022,Fori Clinic,Gongulong,Jere,Borno,11.80049,13.30831,PHC,no,no,21,26,5
6/17/2022,Laje Clinic,Gongulong,Jere,Borno,11.93058,13.24477,PHC,yes,yes,11,13,2
6/28/2022,Chase Clinic,Dala Lawanti,Jere,Borno,11.88984,13.27329,PHC,yes,yes,6,6,0
6/26/2022,Koshebe Clinic,Bale Galtimari,Jere,Borno,11.83613,13.2851,PHC,yes,no,27,35,8
6/17/2022,202 Clinic,Bale Galtimari,Jere,Borno,11.81926,13.27129,PHC,yes,yes,34,38,4
6/8/2022,Tamus Ngamdaa Clinic,Dala Lawanti,Jere,Borno,11.93934,13.31329,PHC,yes,no,14,18,4
6/23/2022,Dusuman Health Center,Maimusari,Jere,Borno,11.86572,13.27764,PHC,yes,yes,21,22,1
6/22/2022,Dala Clinic,Dusuman,Jere,Borno,11.88827,13.20108,PHC,no,yes,24,28,4
6/23/2022,Jiddari Primary Health Center,Gongulong,Jere,Borno,11.81063,13.2357,PHC,yes,yes,33,37,4
6/28/2022,Gongu Along Model Primary Health Center,Bale Galtimari,Jere,Borno,11.83645,13.27095,PHC,yes,yes,11,11,0
6/6/2022,Gomari Clinic,Mashamari,Jere,Borno,11.87005,13.30936,PHC,yes,no,26,27,1
6/5/2022,Dalaram Clinic,Ngudda/Addamari,Jere,Borno,11.92009,13.21639,PHC,yes,yes,21,26,5
6/20/2022,Mashamari Clinic,Gomari,Jere,Borno,11.83747,13.33849,PHC,yes,no,13,16,3
6/15/2022,Mairi Clinic,Alau,Jere,Borno,11.94535,13.33896,PHC,no,yes,35,41,6
6/10/2022,Zabamari Clinic,Dusuman,Jere,Borno,11.93537,13.2247,PHC,yes,yes,33,45,12
6/14/2022,Maimusari Health Clinic,Ngudda/Addamari,Jere,Borno,11.90449,13.30958,PHC,no,no,22,26,4
7/13/2022,Farm Center Idp Camp,Mairi,Jere,Borno,11.88839,13.32141,PHC,yes,no,13,17,4
7/15/2022,Taimakon Jamaa Health Clinic,Dala Lawanti,Jere,Borno,11.8323,13.31452,PHC,yes,yes,14,14,0
7/24/2022,Khadammari Health Clinic,Tuba,Jere,Borno,11.92107,13.30946,PHC,yes,no,34,41,7
7/16/2022,Lambu 2 Idp Camp Clinic,Tuba,Jere,Borno,11.8866,13.30569,PHC,yes,yes,21,26,5
7/24/2022,Madinatu Idp Camp Clinic,Old Maiduguri,Jere,Borno,11.92997,13.25702,PHC,yes,no,13,14,1
7/17/2022,Divine Health Clinic,Mairi,Jere,Borno,11.90527,13.30253,PHC,yes,yes,32,44,12
7/16/2022,Fariya Idp Camp Clinic,Maimusari,Jere,Borno,11.85692,13.34843,PHC,yes,yes,31,37,6
7/6/2022,Dalori Idp Camp Clinic,Alau,Jere,Borno,11.92076,13.26017,PHC,yes,no,19,24,5
7/27/2022,Benisheikh Maternal and Child Health,Gomari,Jere,Borno,11.89832,13.25934,PHC,no,yes,29,32,3
7/24/2022,Elmiskin Idp Clinic,Dusuman,Jere,Borno,11.91205,13.26427,PHC,yes,yes,16,21,5
7/13/2022,Madinatu Idp Camp,Old Maiduguri,Jere,Borno,11.81364,13.20707,PHC,yes,yes,6,6,0
7/1/2022,University Of Maiduguri Teaching Hospital Umth,Alau,Jere,Borno,11.85772,13.28938,PHC,yes,yes,9,12,3
7/27/2022,505 Housing Estate Health Clinic,Mashamari,Jere,Borno,11.90226,13.28055,PHC,yes,yes,34,46,12
7/21/2022,Fori Clinic,Gongulong,Jere,Borno,11.80049,13.30831,PHC,no,no,25,26,1
7/24/2022,Laje Clinic,Gongulong,Jere,Borno,11.93058,13.24477,PHC,yes,yes,25,28,3
7/25/2022,Chase Clinic,Dala Lawanti,Jere,Borno,11.88984,13.27329,PHC,yes,yes,30,41,11
7/10/2022,Koshebe Clinic,Bale Galtimari,Jere,Borno,11.83613,13.2851,PHC,yes,no,13,17,4
7/16/2022,202 Clinic,Bale Galtimari,Jere,Borno,11.81926,13.27129,PHC,yes,yes,23,27,4
7/7/2022,Tamus Ngamdaa Clinic,Dala Lawanti,Jere,Borno,11.93934,13.31329,PHC,yes,no,14,19,5
7/22/2022,Dusuman Health Center,Maimusari,Jere,Borno,11.86572,13.27764,PHC,yes,yes,10,12,2
7/8/2022,Dala Clinic,Dusuman,Jere,Borno,11.88827,13.20108,PHC,no,yes,17,22,5
7/11/2022,Jiddari Primary Health Center,Gongulong,Jere,Borno,11.81063,13.2357,PHC,yes,yes,34,35,1
7/18/2022,Gongu Along Model Primary Health Center,Bale Galtimari,Jere,Borno,11.83645,13.27095,PHC,yes,yes,16,16,0
7/5/2022,Gomari Clinic,Mashamari,Jere,Borno,11.87005,13.30936,PHC,yes,no,10,11,1
7/15/2022,Dalaram Clinic,Ngudda/Addamari,Jere,Borno,11.92009,13.21639,PHC,yes,yes,9,11,2
7/9/2022,Mashamari Clinic,Gomari,Jere,Borno,11.83747,13.33849,PHC,yes,no,21,27,6
7/19/2022,Mairi Clinic,Alau,Jere,Borno,11.94535,13.33896,PHC,no,yes,32,42,10
7/1/2022,Zabamari Clinic,Dusuman,Jere,Borno,11.93537,13.2247,PHC,yes,yes,27,35,8
7/24/2022,Maimusari Health Clinic,Ngudda/Addamari,Jere,Borno,11.90449,13.30958,PHC,no,no,27,36,9
8/2/2022,Farm Center Idp Camp,Mairi,Jere,Borno,11.88839,13.32141,PHC,yes,no,13,13,0
8/23/2022,Taimakon Jamaa Health Clinic,Dala Lawanti,Jere,Borno,11.8323,13.31452,PHC,yes,yes,18,20,2
8/24/2022,Khadammari Health Clinic,Tuba,Jere,Borno,11.92107,13.30946,PHC,yes,no,10,11,1
8/19/2022,Lambu 2 Idp Camp Clinic,Tuba,Jere,Borno,11.8866,13.30569,PHC,yes,yes,23,23,0
8/24/2022,Madinatu Idp Camp Clinic,Old Maiduguri,Jere,Borno,11.92997,13.25702,PHC,yes,no,11,13,2
8/6/2022,Divine Health Clinic,Mairi,Jere,Borno,11.90527,13.30253,PHC,yes,yes,30,34,4
8/11/2022,Fariya Idp Camp Clinic,Maimusari,Jere,Borno,11.85692,13.34843,PHC,yes,yes,26,30,4
8/18/2022,Dalori Idp Camp Clinic,Alau,Jere,Borno,11.92076,13.26017,PHC,yes,no,31,41,10
8/13/2022,Benisheikh Maternal and Child Health,Gomari,Jere,Borno,11.89832,13.25934,PHC,no,yes,17,20,3
8/6/2022,Elmiskin Idp Clinic,Dusuman,Jere,Borno,11.91205,13.26427,PHC,yes,yes,24,25,1
8/1/2022,Madinatu Idp Camp,Old Maiduguri,Jere,Borno,11.81364,13.20707,PHC,yes,yes,22,24,2
8/19/2022,University Of Maiduguri Teaching Hospital Umth,Alau,Jere,Borno,11.85772,13.28938,PHC,yes,yes,34,36,2
8/16/2022,505 Housing Estate Health Clinic,Mashamari,Jere,Borno,11.90226,13.28055,PHC,yes,yes,32,38,6
8/19/2022,Fori Clinic,Gongulong,Jere,Borno,11.80049,13.30831,PHC,no,no,23,28,5
8/17/2022,Laje Clinic,Gongulong,Jere,Borno,11.93058,13.24477,PHC,yes,yes,33,46,13
8/10/2022,Chase Clinic,Dala Lawanti,Jere,Borno,11.88984,13.27329,PHC,yes,yes,22,28,6
8/18/2022,Koshebe Clinic,Bale Galtimari,Jere,Borno,11.83613,13.2851,PHC,yes,no,13,17,4
8/7/2022,202 Clinic,Bale Galtimari,Jere,Borno,11.81926,13.27129,PHC,yes,yes,31,41,10
8/21/2022,Tamus Ngamdaa Clinic,Dala Lawanti,Jere,Borno,11.93934,13.31329,PHC,yes,no,30,40,10
8/2/2022,Dusuman Health Center,Maimusari,Jere,Borno,11.86572,13.27764,PHC,yes,yes,20,27,7
8/24/2022,Dala Clinic,Dusuman,Jere,Borno,11.88827,13.20108,PHC,no,yes,20,26,6
8/10/2022,Jiddari Primary Health Center,Gongulong,Jere,Borno,11.81063,13.2357,PHC,yes,yes,6,8,2
8/21/2022,Gongu Along Model Primary Health Center,Bale Galtimari,Jere,Borno,11.83645,13.27095,PHC,yes,yes,12,13,1
8/18/2022,Gomari Clinic,Mashamari,Jere,Borno,11.87005,13.30936,PHC,yes,no,34,38,4
8/13/2022,Dalaram Clinic,Ngudda/Addamari,Jere,Borno,11.92009,13.21639,PHC,yes,yes,14,18,4
8/27/2022,Mashamari Clinic,Gomari,Jere,Borno,11.83747,13.33849,PHC,yes,no,12,16,4
8/28/2022,Mairi Clinic,Alau,Jere,Borno,11.94535,13.33896,PHC,no,yes,29,34,5
8/7/2022,Zabamari Clinic,Dusuman,Jere,Borno,11.93537,13.2247,PHC,yes,yes,6,8,2
8/22/2022,Maimusari Health Clinic,Ngudda/Addamari,Jere,Borno,11.90449,13.30958,PHC,no,no,16,16,0
9/23/2022,Farm Center Idp Camp,Mairi,Jere,Borno,11.88839,13.32141,PHC,yes,no,9,12,3
9/15/2022,Taimakon Jamaa Health Clinic,Dala Lawanti,Jere,Borno,11.8323,13.31452,PHC,yes,yes,13,16,3
9/5/2022,Khadammari Health Clinic,Tuba,Jere,Borno,11.92107,13.30946,PHC,yes,no,25,32,7
9/21/2022,Lambu 2 Idp Camp Clinic,Tuba,Jere,Borno,11.8866,13.30569,PHC,yes,yes,23,25,2
9/23/2022,Madinatu Idp Camp Clinic,Old Maiduguri,Jere,Borno,11.92997,13.25702,PHC,yes,no,16,18,2
9/5/2022,Divine Health Clinic,Mairi,Jere,Borno,11.90527,13.30253,PHC,yes,yes,8,10,2
9/12/2022,Fariya Idp Camp Clinic,Maimusari,Jere,Borno,11.85692,13.34843,PHC,yes,yes,28,30,2
9/6/2022,Dalori Idp Camp Clinic,Alau,Jere,Borno,11.92076,13.26017,PHC,yes,no,16,19,3
9/17/2022,Benisheikh Maternal and Child Health,Gomari,Jere,Borno,11.89832,13.25934,PHC,no,yes,23,30,7
9/24/2022,Elmiskin Idp Clinic,Dusuman,Jere,Borno,11.91205,13.26427,PHC,yes,yes,21,26,5
9/8/2022,Madinatu Idp Camp,Old Maiduguri,Jere,Borno,11.81364,13.20707,PHC,yes,yes,11,13,2
9/7/2022,University Of Maiduguri Teaching Hospital Umth,Alau,Jere,Borno,11.85772,13.28938,PHC,yes,yes,35,42,7
9/11/2022,505 Housing Estate Health Clinic,Mashamari,Jere,Borno,11.90226,13.28055,PHC,yes,yes,23,31,8
9/13/2022,Fori Clinic,Gongulong,Jere,Borno,11.80049,13.30831,PHC,no,no,26,31,5
9/6/2022,Laje Clinic,Gongulong,Jere,Borno,11.93058,13.24477,PHC,yes,yes,21,27,6
9/18/2022,Chase Clinic,Dala Lawanti,Jere,Borno,11.88984,13.27329,PHC,yes,yes,14,17,3
9/16/2022,Koshebe Clinic,Bale Galtimari,Jere,Borno,11.83613,13.2851,PHC,yes,no,10,13,3
9/15/2022,202 Clinic,Bale Galtimari,Jere,Borno,11.81926,13.27129,PHC,yes,yes,30,35,5
9/22/2022,Tamus Ngamdaa Clinic,Dala Lawanti,Jere,Borno,11.93934,13.31329,PHC,yes,no,29,39,10
9/9/2022,Dusuman Health Center,Maimusari,Jere,Borno,11.86572,13.27764,PHC,yes,yes,22,25,3
9/9/2022,Dala Clinic,Dusuman,Jere,Borno,11.88827,13.20108,PHC,no,yes,29,37,8
9/23/2022,Jiddari Primary Health Center,Gongulong,Jere,Borno,11.81063,13.2357,PHC,yes,yes,34,35,1
9/15/2022,Gongu Along Model Primary Health Center,Bale Galtimari,Jere,Borno,11.83645,13.27095,PHC,yes,yes,18,18,0
9/27/2022,Gomari Clinic,Mashamari,Jere,Borno,11.87005,13.30936,PHC,yes,no,7,8,1
9/27/2022,Dalaram Clinic,Ngudda/Addamari,Jere,Borno,11.92009,13.21639,PHC,yes,yes,25,25,0
9/8/2022,Mashamari Clinic,Gomari,Jere,Borno,11.83747,13.33849,PHC,yes,no,8,8,0
9/8/2022,Mairi Clinic,Alau,Jere,Borno,11.94535,13.33896,PHC,no,yes,34,34,0
9/26/2022,Zabamari Clinic,Dusuman,Jere,Borno,11.93537,13.2247,PHC,yes,yes,35,46,11
9/19/2022,Maimusari Health Clinic,Ngudda/Addamari,Jere,Borno,11.90449,13.30958,PHC,no,no,22,27,5
10/1/2022,Farm Center Idp Camp,Mairi,Jere,Borno,11.88839,13.32141,PHC,yes,no,24,25,1
10/1/2022,Taimakon Jamaa Health Clinic,Dala Lawanti,Jere,Borno,11.8323,13.31452,PHC,yes,yes,31,35,4
10/13/2022,Khadammari Health Clinic,Tuba,Jere,Borno,11.92107,13.30946,PHC,yes,no,13,18,5
10/26/2022,Lambu 2 Idp Camp Clinic,Tuba,Jere,Borno,11.8866,13.30569,PHC,yes,yes,11,11,0
10/1/2022,Madinatu Idp Camp Clinic,Old Maiduguri,Jere,Borno,11.92997,13.25702,PHC,yes,no,22,25,3
10/5/2022,Divine Health Clinic,Mairi,Jere,Borno,11.90527,13.30253,PHC,yes,yes,24,33,9
10/17/2022,Fariya Idp Camp Clinic,Maimusari,Jere,Borno,11.85692,13.34843,PHC,yes,yes,13,14,1
10/27/2022,Dalori Idp Camp Clinic,Alau,Jere,Borno,11.92076,13.26017,PHC,yes,no,17,20,3
10/3/2022,Benisheikh Maternal and Child Health,Gomari,Jere,Borno,11.89832,13.25934,PHC,no,yes,32,44,12
10/2/2022,Elmiskin Idp Clinic,Dusuman,Jere,Borno,11.91205,13.26427,PHC,yes,yes,21,26,5
10/7/2022,Madinatu Idp Camp,Old Maiduguri,Jere,Borno,11.81364,13.20707,PHC,yes,yes,14,18,4
10/4/2022,University Of Maiduguri Teaching Hospital Umth,Alau,Jere,Borno,11.85772,13.28938,PHC,yes,yes,7,8,1
10/27/2022,505 Housing Estate Health Clinic,Mashamari,Jere,Borno,11.90226,13.28055,PHC,yes,yes,14,17,3
10/28/2022,Fori Clinic,Gongulong,Jere,Borno,11.80049,13.30831,PHC,no,no,7,9,2
10/23/2022,Laje Clinic,Gongulong,Jere,Borno,11.93058,13.24477,PHC,yes,yes,20,22,2
10/11/2022,Chase Clinic,Dala Lawanti,Jere,Borno,11.88984,13.27329,PHC,yes,yes,12,13,1
10/15/2022,Koshebe Clinic,Bale Galtimari,Jere,Borno,11.83613,13.2851,PHC,yes,no,24,27,3
10/21/2022,202 Clinic,Bale Galtimari,Jere,Borno,11.81926,13.27129,PHC,yes,yes,11,12,1
10/18/2022,Tamus Ngamdaa Clinic,Dala Lawanti,Jere,Borno,11.93934,13.31329,PHC,yes,no,8,8,0
10/26/2022,Dusuman Health Center,Maimusari,Jere,Borno,11.86572,13.27764,PHC,yes,yes,28,34,6
10/14/2022,Dala Clinic,Dusuman,Jere,Borno,11.88827,13.20108,PHC,no,yes,31,34,3
10/20/2022,Jiddari Primary Health Center,Gongulong,Jere,Borno,11.81063,13.2357,PHC,yes,yes,8,8,0
10/23/2022,Gongu Along Model Primary Health Center,Bale Galtimari,Jere,Borno,11.83645,13.27095,PHC,yes,yes,25,33,8
10/6/2022,Gomari Clinic,Mashamari,Jere,Borno,11.87005,13.30936,PHC,yes,no,6,7,1
10/26/2022,Dalaram Clinic,Ngudda/Addamari,Jere,Borno,11.92009,13.21639,PHC,yes,yes,12,13,1
10/7/2022,Mashamari Clinic,Gomari,Jere,Borno,11.83747,13.33849,PHC,yes,no,31,42,11
10/2/2022,Mairi Clinic,Alau,Jere,Borno,11.94535,13.33896,PHC,no,yes,8,9,1
10/12/2022,Zabamari Clinic,Dusuman,Jere,Borno,11.93537,13.2247,PHC,yes,yes,7,7,0
10/26/2022,Maimusari Health Clinic,Ngudda/Addamari,Jere,Borno,11.90449,13.30958,PHC,no,no,10,10,0
11/1/2022,Farm Center Idp Camp,Mairi,Jere,Borno,11.88839,13.32141,PHC,yes,no,12,16,4
11/2/2022,Taimakon Jamaa Health Clinic,Dala Lawanti,Jere,Borno,11.8323,13.31452,PHC,yes,yes,22,29,7
11/3/2022,Khadammari Health Clinic,Tuba,Jere,Borno,11.92107,13.30946,PHC,yes,no,13,14,1
11/11/2022,Lambu 2 Idp Camp Clinic,Tuba,Jere,Borno,11.8866,13.30569,PHC,yes,yes,12,13,1
11/13/2022,Madinatu Idp Camp Clinic,Old Maiduguri,Jere,Borno,11.92997,13.25702,PHC,yes,no,33,35,2
11/9/2022,Divine Health Clinic,Mairi,Jere,Borno,11.90527,13.30253,PHC,yes,yes,9,9,0
11/22/2022,Fariya Idp Camp Clinic,Maimusari,Jere,Borno,11.85692,13.34843,PHC,yes,yes,31,31,0
11/17/2022,Dalori Idp Camp Clinic,Alau,Jere,Borno,11.92076,13.26017,PHC,yes,no,31,33,2
11/14/2022,Benisheikh Maternal and Child Health,Gomari,Jere,Borno,11.89832,13.25934,PHC,no,yes,25,33,8
11/26/2022,Elmiskin Idp Clinic,Dusuman,Jere,Borno,11.91205,13.26427,PHC,yes,yes,22,27,5
11/4/2022,Madinatu Idp Camp,Old Maiduguri,Jere,Borno,11.81364,13.20707,PHC,yes,yes,31,42,11
11/11/2022,University Of Maiduguri Teaching Hospital Umth,Alau,Jere,Borno,11.85772,13.28938,PHC,yes,yes,22,23,1
11/17/2022,505 Housing Estate Health Clinic,Mashamari,Jere,Borno,11.90226,13.28055,PHC,yes,yes,12,12,0
11/10/2022,Fori Clinic,Gongulong,Jere,Borno,11.80049,13.30831,PHC,no,no,12,14,2
11/13/2022,Laje Clinic,Gongulong,Jere,Borno,11.93058,13.24477,PHC,yes,yes,14,14,0
11/22/2022,Chase Clinic,Dala Lawanti,Jere,Borno,11.88984,13.27329,PHC,yes,yes,27,29,2
11/14/2022,Koshebe Clinic,Bale Galtimari,Jere,Borno,11.83613,13.2851,PHC,yes,no,13,16,3
11/1/2022,202 Clinic,Bale Galtimari,Jere,Borno,11.81926,13.27129,PHC,yes,yes,9,11,2
11/15/2022,Tamus Ngamdaa Clinic,Dala Lawanti,Jere,Borno,11.93934,13.31329,PHC,yes,no,10,13,3
11/18/2022,Dusuman Health Center,Maimusari,Jere,Borno,11.86572,13.27764,PHC,yes,yes,6,7,1
11/14/2022,Dala Clinic,Dusuman,Jere,Borno,11.88827,13.20108,PHC,no,yes,17,20,3
11/10/2022,Jiddari Primary Health Center,Gongulong,Jere,Borno,11.81063,13.2357,PHC,yes,yes,24,32,8
11/25/2022,Gongu Along Model Primary Health Center,Bale Galtimari,Jere,Borno,11.83645,13.27095,PHC,yes,yes,10,10,0
11/7/2022,Gomari Clinic,Mashamari,Jere,Borno,11.87005,13.30936,PHC,yes,no,21,22,1
11/18/2022,Dalaram Clinic,Ngudda/Addamari,Jere,Borno,11.92009,13.21639,PHC,yes,yes,12,14,2
11/28/2022,Mashamari Clinic,Gomari,Jere,Borno,11.83747,13.33849,PHC,yes,no,6,7,1
11/3/2022,Mairi Clinic,Alau,Jere,Borno,11.94535,13.33896,PHC,no,yes,19,22,3
11/3/2022,Zabamari Clinic,Dusuman,Jere,Borno,11.93537,13.2247,PHC,yes,yes,14,16,2
11/16/2022,Maimusari Health Clinic,Ngudda/Addamari,Jere,Borno,11.90449,13.30958,PHC,no,no,8,10,2
12/17/2022,Farm Center Idp Camp,Mairi,Jere,Borno,11.88839,13.32141,PHC,yes,no,20,20,0
12/18/2022,Taimakon Jamaa Health Clinic,Dala Lawanti,Jere,Borno,11.8323,13.31452,PHC,yes,yes,28,38,10
12/18/2022,Khadammari Health Clinic,Tuba,Jere,Borno,11.92107,13.30946,PHC,yes,no,25,33,8
12/7/2022,Lambu 2 Idp Camp Clinic,Tuba,Jere,Borno,11.8866,13.30569,PHC,yes,yes,33,43,10
12/15/2022,Madinatu Idp Camp Clinic,Old Maiduguri,Jere,Borno,11.92997,13.25702,PHC,yes,no,33,39,6
12/2/2022,Divine Health Clinic,Mairi,Jere,Borno,11.90527,13.30253,PHC,yes,yes,16,16,0
12/7/2022,Fariya Idp Camp Clinic,Maimusari,Jere,Borno,11.85692,13.34843,PHC,yes,yes,22,22,0
12/26/2022,Dalori Idp Camp Clinic,Alau,Jere,Borno,11.92076,13.26017,PHC,yes,no,29,40,11
12/2/2022,Benisheikh Maternal and Child Health,Gomari,Jere,Borno,11.89832,13.25934,PHC,no,yes,26,26,0
12/17/2022,Elmiskin Idp Clinic,Dusuman,Jere,Borno,11.91205,13.26427,PHC,yes,yes,24,26,2
12/3/2022,Madinatu Idp Camp,Old Maiduguri,Jere,Borno,11.81364,13.20707,PHC,yes,yes,15,16,1
12/21/2022,University Of Maiduguri Teaching Hospital Umth,Alau,Jere,Borno,11.85772,13.28938,PHC,yes,yes,35,47,12
12/8/2022,505 Housing Estate Health Clinic,Mashamari,Jere,Borno,11.90226,13.28055,PHC,yes,yes,10,12,2
12/26/2022,Fori Clinic,Gongulong,Jere,Borno,11.80049,13.30831,PHC,no,no,16,22,6
12/18/2022,Laje Clinic,Gongulong,Jere,Borno,11.93058,13.24477,PHC,yes,yes,17,23,6
12/9/2022,Chase Clinic,Dala Lawanti,Jere,Borno,11.88984,13.27329,PHC,yes,yes,11,13,2
12/19/2022,Koshebe Clinic,Bale Galtimari,Jere,Borno,11.83613,13.2851,PHC,yes,no,25,31,6
12/9/2022,202 Clinic,Bale Galtimari,Jere,Borno,11.81926,13.27129,PHC,yes,yes,15,15,0
12/1/2022,Tamus Ngamdaa Clinic,Dala Lawanti,Jere,Borno,11.93934,13.31329,PHC,yes,no,27,30,3
12/6/2022,Dusuman Health Center,Maimusari,Jere,Borno,11.86572,13.27764,PHC,yes,yes,14,15,1
12/20/2022,Dala Clinic,Dusuman,Jere,Borno,11.88827,13.20108,PHC,no,yes,13,14,1
12/25/2022,Jiddari Primary Health Center,Gongulong,Jere,Borno,11.81063,13.2357,PHC,yes,yes,8,10,2
12/7/2022,Gongu Along Model Primary Health Center,Bale Galtimari,Jere,Borno,11.83645,13.27095,PHC,yes,yes,13,14,1
12/2/2022,Gomari Clinic,Mashamari,Jere,Borno,11.87005,13.30936,PHC,yes,no,29,38,9
12/14/2022,Dalaram Clinic,Ngudda/Addamari,Jere,Borno,11.92009,13.21639,PHC,yes,yes,22,30,8
12/24/2022,Mashamari Clinic,Gomari,Jere,Borno,11.83747,13.33849,PHC,yes,no,24,30,6
12/27/2022,Mairi Clinic,Alau,Jere,Borno,11.94535,13.33896,PHC,no,yes,30,31,1
12/16/2022,Zabamari Clinic,Dusuman,Jere,Borno,11.93537,13.2247,PHC,yes,yes,12,15,3
12/12/2022,Maimusari Health Clinic,Ngudda/Addamari,Jere,Borno,11.90449,13.30958,PHC,no,no,11,14,3
1/15/2023,Farm Center Idp Camp,Mairi,Jere,Borno,11.88839,13.32141,PHC,yes,no,12,15,3
1/3/2023,Taimakon Jamaa Health Clinic,Dala Lawanti,Jere,Borno,11.8323,13.31452,PHC,yes,yes,10,12,2
1/14/2023,Khadammari Health Clinic,Tuba,Jere,Borno,11.92107,13.30946,PHC,yes,no,25,34,9
1/20/2023,Lambu 2 Idp Camp Clinic,Tuba,Jere,Borno,11.8866,13.30569,PHC,yes,yes,22,29,7
1/10/2023,Madinatu Idp Camp Clinic,Old Maiduguri,Jere,Borno,11.92997,13.25702,PHC,yes,no,10,10,0
1/11/2023,Divine Health Clinic,Mairi,Jere,Borno,11.90527,13.30253,PHC,yes,yes,31,35,4
1/24/2023,Fariya Idp Camp Clinic,Maimusari,Jere,Borno,11.85692,13.34843,PHC,yes,yes,20,20,0
1/28/2023,Dalori Idp Camp Clinic,Alau,Jere,Borno,11.92076,13.26017,PHC,yes,no,27,29,2
1/10/2023,Benisheikh Maternal and Child Health,Gomari,Jere,Borno,11.89832,13.25934,PHC,no,yes,15,17,2
1/4/2023,Elmiskin Idp Clinic,Dusuman,Jere,Borno,11.91205,13.26427,PHC,yes,yes,9,9,0
1/6/2023,Madinatu Idp Camp,Old Maiduguri,Jere,Borno,11.81364,13.20707,PHC,yes,yes,25,33,8
1/28/2023,University Of Maiduguri Teaching Hospital Umth,Alau,Jere,Borno,11.85772,13.28938,PHC,yes,yes,16,21,5
1/2/2023,505 Housing Estate Health Clinic,Mashamari,Jere,Borno,11.90226,13.28055,PHC,yes,yes,9,11,2
1/6/2023,Fori Clinic,Gongulong,Jere,Borno,11.80049,13.30831,PHC,no,no,27,36,9
1/2/2023,Laje Clinic,Gongulong,Jere,Borno,11.93058,13.24477,PHC,yes,yes,26,32,6
1/5/2023,Chase Clinic,Dala Lawanti,Jere,Borno,11.88984,13.27329,PHC,yes,yes,30,35,5
1/17/2023,Koshebe Clinic,Bale Galtimari,Jere,Borno,11.83613,13.2851,PHC,yes,no,17,23,6
1/14/2023,202 Clinic,Bale Galtimari,Jere,Borno,11.81926,13.27129,PHC,yes,yes,33,43,10
1/6/2023,Tamus Ngamdaa Clinic,Dala Lawanti,Jere,Borno,11.93934,13.31329,PHC,yes,no,25,31,6
1/2/2023,Dusuman Health Center,Maimusari,Jere,Borno,11.86572,13.27764,PHC,yes,yes,28,28,0
1/23/2023,Dala Clinic,Dusuman,Jere,Borno,11.88827,13.20108,PHC,no,yes,31,40,9
1/20/2023,Jiddari Primary Health Center,Gongulong,Jere,Borno,11.81063,13.2357,PHC,yes,yes,15,16,1
1/24/2023,Gongu Along Model Primary Health Center,Bale Galtimari,Jere,Borno,11.83645,13.27095,PHC,yes,yes,26,31,5
1/16/2023,Gomari Clinic,Mashamari,Jere,Borno,11.87005,13.30936,PHC,yes,no,7,9,2
1/14/2023,Dalaram Clinic,Ngudda/Addamari,Jere,Borno,11.92009,13.21639,PHC,yes,yes,21,29,8
1/19/2023,Mashamari Clinic,Gomari,Jere,Borno,11.83747,13.33849,PHC,yes,no,6,7,1
1/24/2023,Mairi Clinic,Alau,Jere,Borno,11.94535,13.33896,PHC,no,yes,19,23,4
1/6/2023,Zabamari Clinic,Dusuman,Jere,Borno,11.93537,13.2247,PHC,yes,yes,21,25,4
1/9/2023,Maimusari Health Clinic,Ngudda/Addamari,Jere,Borno,11.90449,13.30958,PHC,no,no,34,34,0
2/18/2023,Farm Center Idp Camp,Mairi,Jere,Borno,11.88839,13.32141,PHC,yes,no,22,23,1
2/1/2023,Taimakon Jamaa Health Clinic,Dala Lawanti,Jere,Borno,11.8323,13.31452,PHC,yes,yes,10,10,0
2/27/2023,Khadammari Health Clinic,Tuba,Jere,Borno,11.92107,13.30946,PHC,yes,no,11,14,3
2/27/2023,Lambu 2 Idp Camp Clinic,Tuba,Jere,Borno,11.8866,13.30569,PHC,yes,yes,12,13,1
2/4/2023,Madinatu Idp Camp Clinic,Old Maiduguri,Jere,Borno,11.92997,13.25702,PHC,yes,no,8,9,1
2/26/2023,Divine Health Clinic,Mairi,Jere,Borno,11.90527,13.30253,PHC,yes,yes,29,36,7
2/6/2023,Fariya Idp Camp Clinic,Maimusari,Jere,Borno,11.85692,13.34843,PHC,yes,yes,34,41,7
2/6/2023,Dalori Idp Camp Clinic,Alau,Jere,Borno,11.92076,13.26017,PHC,yes,no,32,42,10
2/17/2023,Benisheikh Maternal and Child Health,Gomari,Jere,Borno,11.89832,13.25934,PHC,no,yes,13,16,3
2/6/2023,Elmiskin Idp Clinic,Dusuman,Jere,Borno,11.91205,13.26427,PHC,yes,yes,18,20,2
2/9/2023,Madinatu Idp Camp,Old Maiduguri,Jere,Borno,11.81364,13.20707,PHC,yes,yes,11,13,2
2/3/2023,University Of Maiduguri Teaching Hospital Umth,Alau,Jere,Borno,11.85772,13.28938,PHC,yes,yes,19,20,1
2/28/2023,505 Housing Estate Health Clinic,Mashamari,Jere,Borno,11.90226,13.28055,PHC,yes,yes,28,29,1
2/28/2023,Fori Clinic,Gongulong,Jere,Borno,11.80049,13.30831,PHC,no,no,12,15,3
2/16/2023,Laje Clinic,Gongulong,Jere,Borno,11.93058,13.24477,PHC,yes,yes,6,7,1
2/7/2023,Chase Clinic,Dala Lawanti,Jere,Borno,11.88984,13.27329,PHC,yes,yes,25,25,0
2/7/2023,Koshebe Clinic,Bale Galtimari,Jere,Borno,11.83613,13.2851,PHC,yes,no,22,22,0
2/20/2023,202 Clinic,Bale Galtimari,Jere,Borno,11.81926,13.27129,PHC,yes,yes,13,14,1
2/27/2023,Tamus Ngamdaa Clinic,Dala Lawanti,Jere,Borno,11.93934,13.31329,PHC,yes,no,26,26,0
2/17/2023,Dusuman Health Center,Maimusari,Jere,Borno,11.86572,13.27764,PHC,yes,yes,31,31,0
2/15/2023,Dala Clinic,Dusuman,Jere,Borno,11.88827,13.20108,PHC,no,yes,25,26,1
2/22/2023,Jiddari Primary Health Center,Gongulong,Jere,Borno,11.81063,13.2357,PHC,yes,yes,13,15,2
2/25/2023,Gongu Along Model Primary Health Center,Bale Galtimari,Jere,Borno,11.83645,13.27095,PHC,yes,yes,29,33,4
2/2/2023,Gomari Clinic,Mashamari,Jere,Borno,11.87005,13.30936,PHC,yes,no,34,41,7
2/9/2023,Dalaram Clinic,Ngudda/Addamari,Jere,Borno,11.92009,13.21639,PHC,yes,yes,8,9,1
2/9/2023,Mashamari Clinic,Gomari,Jere,Borno,11.83747,13.33849,PHC,yes,no,10,10,0
2/26/2023,Mairi Clinic,Alau,Jere,Borno,11.94535,13.33896,PHC,no,yes,28,30,2
2/26/2023,Zabamari Clinic,Dusuman,Jere,Borno,11.93537,13.2247,PHC,yes,yes,21,25,4
2/27/2023,Maimusari Health Clinic,Ngudda/Addamari,Jere,Borno,11.90449,13.30958,PHC,no,no,35,41,6
3/20/2023,Farm Center Idp Camp,Mairi,Jere,Borno,11.88839,13.32141,PHC,yes,no,18,20,2
3/8/2023,Taimakon Jamaa Health Clinic,Dala Lawanti,Jere,Borno,11.8323,13.31452,PHC,yes,yes,11,12,1
3/9/2023,Khadammari Health Clinic,Tuba,Jere,Borno,11.92107,13.30946,PHC,yes,no,20,21,1
3/9/2023,Lambu 2 Idp Camp Clinic,Tuba,Jere,Borno,11.8866,13.30569,PHC,yes,yes,27,36,9
3/21/2023,Madinatu Idp Camp Clinic,Old Maiduguri,Jere,Borno,11.92997,13.25702,PHC,yes,no,27,27,0
3/27/2023,Divine Health Clinic,Mairi,Jere,Borno,11.90527,13.30253,PHC,yes,yes,34,45,11
3/1/2023,Fariya Idp Camp Clinic,Maimusari,Jere,Borno,11.85692,13.34843,PHC,yes,yes,16,17,1
3/18/2023,Dalori Idp Camp Clinic,Alau,Jere,Borno,11.92076,13.26017,PHC,yes,no,16,22,6
3/21/2023,Benisheikh Maternal and Child Health,Gomari,Jere,Borno,11.89832,13.25934,PHC,no,yes,34,39,5
3/25/2023,Elmiskin Idp Clinic,Dusuman,Jere,Borno,11.91205,13.26427,PHC,yes,yes,9,11,2
3/20/2023,Madinatu Idp Camp,Old Maiduguri,Jere,Borno,11.81364,13.20707,PHC,yes,yes,33,39,6
3/23/2023,University Of Maiduguri Teaching Hospital Umth,Alau,Jere,Borno,11.85772,13.28938,PHC,yes,yes,27,33,6
3/26/2023,505 Housing Estate Health Clinic,Mashamari,Jere,Borno,11.90226,13.28055,PHC,yes,yes,24,27,3
3/23/2023,Fori Clinic,Gongulong,Jere,Borno,11.80049,13.30831,PHC,no,no,19,23,4
3/14/2023,Laje Clinic,Gongulong,Jere,Borno,11.93058,13.24477,PHC,yes,yes,10,12,2
3/22/2023,Chase Clinic,Dala Lawanti,Jere,Borno,11.88984,13.27329,PHC,yes,yes,13,14,1
3/9/2023,Koshebe Clinic,Bale Galtimari,Jere,Borno,11.83613,13.2851,PHC,yes,no,17,17,0
3/21/2023,202 Clinic,Bale Galtimari,Jere,Borno,11.81926,13.27129,PHC,yes,yes,22,23,1
3/9/2023,Tamus Ngamdaa Clinic,Dala Lawanti,Jere,Borno,11.93934,13.31329,PHC,yes,no,34,36,2
3/11/2023,Dusuman Health Center,Maimusari,Jere,Borno,11.86572,13.27764,PHC,yes,yes,28,37,9
3/16/2023,Dala Clinic,Dusuman,Jere,Borno,11.88827,13.20108,PHC,no,yes,24,26,2
3/19/2023,Jiddari Primary Health Center,Gongulong,Jere,Borno,11.81063,13.2357,PHC,yes,yes,21,25,4
3/2/2023,Gongu Along Model Primary Health Center,Bale Galtimari,Jere,Borno,11.83645,13.27095,PHC,yes,yes,12,13,1
3/25/2023,Gomari Clinic,Mashamari,Jere,Borno,11.87005,13.30936,PHC,yes,no,7,8,1
3/1/2023,Dalaram Clinic,Ngudda/Addamari,Jere,Borno,11.92009,13.21639,PHC,yes,yes,27,33,6
3/12/2023,Mashamari Clinic,Gomari,Jere,Borno,11.83747,13.33849,PHC,yes,no,23,25,2
3/27/2023,Mairi Clinic,Alau,Jere,Borno,11.94535,13.33896,PHC,no,yes,30,41,11
3/9/2023,Zabamari Clinic,Dusuman,Jere,Borno,11.93537,13.2247,PHC,yes,yes,10,13,3
3/10/2023,Maimusari Health Clinic,Ngudda/Addamari,Jere,Borno,11.90449,13.30958,PHC,no,no,14,16,2
4/23/2023,Farm Center Idp Camp,Mairi,Jere,Borno,11.88839,13.32141,PHC,yes,no,34,41,7
4/16/2023,Taimakon Jamaa Health Clinic,Dala Lawanti,Jere,Borno,11.8323,13.31452,PHC,yes,yes,11,11,0
4/22/2023,Khadammari Health Clinic,Tuba,Jere,Borno,11.92107,13.30946,PHC,yes,no,21,24,3
4/16/2023,Lambu 2 Idp Camp Clinic,Tuba,Jere,Borno,11.8866,13.30569,PHC,yes,yes,21,23,2
4/2/2023,Madinatu Idp Camp Clinic,Old Maiduguri,Jere,Borno,11.92997,13.25702,PHC,yes,no,19,22,3
4/10/2023,Divine Health Clinic,Mairi,Jere,Borno,11.90527,13.30253,PHC,yes,yes,27,28,1
4/17/2023,Fariya Idp Camp Clinic,Maimusari,Jere,Borno,11.85692,13.34843,PHC,yes,yes,30,37,7
4/18/2023,Dalori Idp Camp Clinic,Alau,Jere,Borno,11.92076,13.26017,PHC,yes,no,6,6,0
4/11/2023,Benisheikh Maternal and Child Health,Gomari,Jere,Borno,11.89832,13.25934,PHC,no,yes,6,8,2
4/23/2023,Elmiskin Idp Clinic,Dusuman,Jere,Borno,11.91205,13.26427,PHC,yes,yes,8,9,1
4/7/2023,Madinatu Idp Camp,Old Maiduguri,Jere,Borno,11.81364,13.20707,PHC,yes,yes,27,36,9
4/28/2023,University Of Maiduguri Teaching Hospital Umth,Alau,Jere,Borno,11.85772,13.28938,PHC,yes,yes,27,31,4
4/25/2023,505 Housing Estate Health Clinic,Mashamari,Jere,Borno,11.90226,13.28055,PHC,yes,yes,31,32,1
4/13/2023,Fori Clinic,Gongulong,Jere,Borno,11.80049,13.30831,PHC,no,no,13,13,0
4/12/2023,Laje Clinic,Gongulong,Jere,Borno,11.93058,13.24477,PHC,yes,yes,24,25,1
4/10/2023,Chase Clinic,Dala Lawanti,Jere,Borno,11.88984,13.27329,PHC,yes,yes,24,32,8
4/28/2023,Koshebe Clinic,Bale Galtimari,Jere,Borno,11.83613,13.2851,PHC,yes,no,16,17,1
4/28/2023,202 Clinic,Bale Galtimari,Jere,Borno,11.81926,13.27129,PHC,yes,yes,29,36,7
4/11/2023,Tamus Ngamdaa Clinic,Dala Lawanti,Jere,Borno,11.93934,13.31329,PHC,yes,no,34,37,3
4/25/2023,Dusuman Health Center,Maimusari,Jere,Borno,11.86572,13.27764,PHC,yes,yes,21,23,2
4/4/2023,Dala Clinic,Dusuman,Jere,Borno,11.88827,13.20108,PHC,no,yes,24,24,0
4/21/2023,Jiddari Primary Health Center,Gongulong,Jere,Borno,11.81063,13.2357,PHC,yes,yes,31,37,6
4/22/2023,Gongu Along Model Primary Health Center,Bale Galtimari,Jere,Borno,11.83645,13.27095,PHC,yes,yes,19,19,0
4/6/2023,Gomari Clinic,Mashamari,Jere,Borno,11.87005,13.30936,PHC,yes,no,7,7,0
4/2/2023,Dalaram Clinic,Ngudda/Addamari,Jere,Borno,11.92009,13.21639,PHC,yes,yes,19,20,1
4/13/2023,Mashamari Clinic,Gomari,Jere,Borno,11.83747,13.33849,PHC,yes,no,32,42,10
4/18/2023,Mairi Clinic,Alau,Jere,Borno,11.94535,13.33896,PHC,no,yes,30,30,0
4/25/2023,Zabamari Clinic,Dusuman,Jere,Borno,11.93537,13.2247,PHC,yes,yes,12,13,1
4/2/2023,Maimusari Health Clinic,Ngudda/Addamari,Jere,Borno,11.90449,13.30958,PHC,no,no,12,16,4
5/15/2023,Farm Center Idp Camp,Mairi,Jere,Borno,11.88839,13.32141,PHC,yes,no,32,43,11
5/8/2023,Taimakon Jamaa Health Clinic,Dala Lawanti,Jere,Borno,11.8323,13.31452,PHC,yes,yes,10,13,3
5/12/2023,Khadammari Health Clinic,Tuba,Jere,Borno,11.92107,13.30946,PHC,yes,no,28,38,10
5/25/2023,Lambu 2 Idp Camp Clinic,Tuba,Jere,Borno,11.8866,13.30569,PHC,yes,yes,16,19,3
5/4/2023,Madinatu Idp Camp Clinic,Old Maiduguri,Jere,Borno,11.92997,13.25702,PHC,yes,no,18,19,1
5/20/2023,Divine Health Clinic,Mairi,Jere,Borno,11.90527,13.30253,PHC,yes,yes,32,32,0
5/7/2023,Fariya Idp Camp Clinic,Maimusari,Jere,Borno,11.85692,13.34843,PHC,yes,yes,12,12,0
5/13/2023,Dalori Idp Camp Clinic,Alau,Jere,Borno,11.92076,13.26017,PHC,yes,no,29,36,7
5/28/2023,Benisheikh Maternal and Child Health,Gomari,Jere,Borno,11.89832,13.25934,PHC,no,yes,8,10,2
5/9/2023,Elmiskin Idp Clinic,Dusuman,Jere,Borno,11.91205,13.26427,PHC,yes,yes,7,8,1
5/15/2023,Madinatu Idp Camp,Old Maiduguri,Jere,Borno,11.81364,13.20707,PHC,yes,yes,9,11,2
5/13/2023,University Of Maiduguri Teaching Hospital Umth,Alau,Jere,Borno,11.85772,13.28938,PHC,yes,yes,16,17,1
5/26/2023,505 Housing Estate Health Clinic,Mashamari,Jere,Borno,11.90226,13.28055,PHC,yes,yes,34,41,7
5/12/2023,Fori Clinic,Gongulong,Jere,Borno,11.80049,13.30831,PHC,no,no,22,29,7
5/17/2023,Laje Clinic,Gongulong,Jere,Borno,11.93058,13.24477,PHC,yes,yes,13,16,3
5/15/2023,Chase Clinic,Dala Lawanti,Jere,Borno,11.88984,13.27329,PHC,yes,yes,22,25,3
5/28/2023,Koshebe Clinic,Bale Galtimari,Jere,Borno,11.83613,13.2851,PHC,yes,no,15,16,1
5/3/2023,202 Clinic,Bale Galtimari,Jere,Borno,11.81926,13.27129,PHC,yes,yes,33,42,9
5/21/2023,Tamus Ngamdaa Clinic,Dala Lawanti,Jere,Borno,11.93934,13.31329,PHC,yes,no,7,7,0
5/25/2023,Dusuman Health Center,Maimusari,Jere,Borno,11.86572,13.27764,PHC,yes,yes,7,8,1
5/13/2023,Dala Clinic,Dusuman,Jere,Borno,11.88827,13.20108,PHC,no,yes,17,23,6
5/1/2023,Jiddari Primary Health Center,Gongulong,Jere,Borno,11.81063,13.2357,PHC,yes,yes,16,20,4
5/12/2023,Gongu Along Model Primary Health Center,Bale Galtimari,Jere,Borno,11.83645,13.27095,PHC,yes,yes,23,28,5
5/17/2023,Gomari Clinic,Mashamari,Jere,Borno,11.87005,13.30936,PHC,yes,no,30,30,0
5/25/2023,Dalaram Clinic,Ngudda/Addamari,Jere,Borno,11.92009,13.21639,PHC,yes,yes,30,32,2
5/2/2023,Mashamari Clinic,Gomari,Jere,Borno,11.83747,13.33849,PHC,yes,no,12,14,2
5/4/2023,Mairi Clinic,Alau,Jere,Borno,11.94535,13.33896,PHC,no,yes,11,13,2
5/3/2023,Zabamari Clinic,Dusuman,Jere,Borno,11.93537,13.2247,PHC,yes,yes,16,19,3
5/2/2023,Maimusari Health Clinic,Ngudda/Addamari,Jere,Borno,11.90449,13.30958,PHC,no,no,33,37,4
6/15/2023,Farm Center Idp Camp,Mairi,Jere,Borno,11.88839,13.32141,PHC,yes,no,35,48,13
6/3/2023,Taimakon Jamaa Health Clinic,Dala Lawanti,Jere,Borno,11.8323,13.31452,PHC,yes,yes,33,46,13
6/18/2023,Khadammari Health Clinic,Tuba,Jere,Borno,11.92107,13.30946,PHC,yes,no,12,15,3
6/23/2023,Lambu 2 Idp Camp Clinic,Tuba,Jere,Borno,11.8866,13.30569,PHC,yes,yes,23,26,3
6/1/2023,Madinatu Idp Camp Clinic,Old Maiduguri,Jere,Borno,11.92997,13.25702,PHC,yes,no,22,28,6
6/2/2023,Divine Health Clinic,Mairi,Jere,Borno,11.90527,13.30253,PHC,yes,yes,10,12,2
6/17/2023,Fariya Idp Camp Clinic,Maimusari,Jere,Borno,11.85692,13.34843,PHC,yes,yes,30,39,9
6/23/2023,Dalori Idp Camp Clinic,Alau,Jere,Borno,11.92076,13.26017,PHC,yes,no,24,24,0
6/23/2023,Benisheikh Maternal and Child Health,Gomari,Jere,Borno,11.89832,13.25934,PHC,no,yes,33,36,3
6/5/2023,Elmiskin Idp Clinic,Dusuman,Jere,Borno,11.91205,13.26427,PHC,yes,yes,34,35,1
6/2/2023,Madinatu Idp Camp,Old Maiduguri,Jere,Borno,11.81364,13.20707,PHC,yes,yes,16,19,3
6/16/2023,University Of Maiduguri Teaching Hospital Umth,Alau,Jere,Borno,11.85772,13.28938,PHC,yes,yes,10,13,3
6/14/2023,505 Housing Estate Health Clinic,Mashamari,Jere,Borno,11.90226,13.28055,PHC,yes,yes,26,34,8
6/10/2023,Fori Clinic,Gongulong,Jere,Borno,11.80049,13.30831,PHC,no,no,31,35,4
6/20/2023,Laje Clinic,Gongulong,Jere,Borno,11.93058,13.24477,PHC,yes,yes,32,33,1
6/1/2023,Chase Clinic,Dala Lawanti,Jere,Borno,11.88984,13.27329,PHC,yes,yes,32,40,8
6/26/2023,Koshebe Clinic,Bale Galtimari,Jere,Borno,11.83613,13.2851,PHC,yes,no,22,30,8
6/7/2023,202 Clinic,Bale Galtimari,Jere,Borno,11.81926,13.27129,PHC,yes,yes,35,36,1
6/18/2023,Tamus Ngamdaa Clinic,Dala Lawanti,Jere,Borno,11.93934,13.31329,PHC,yes,no,11,12,1
6/2/2023,Dusuman Health Center,Maimusari,Jere,Borno,11.86572,13.27764,PHC,yes,yes,10,12,2
6/8/2023,Dala Clinic,Dusuman,Jere,Borno,11.88827,13.20108,PHC,no,yes,8,10,2
6/3/2023,Jiddari Primary Health Center,Gongulong,Jere,Borno,11.81063,13.2357,PHC,yes,yes,14,15,1
6/21/2023,Gongu Along Model Primary Health Center,Bale Galtimari,Jere,Borno,11.83645,13.27095,PHC,yes,yes,31,32,1
6/13/2023,Gomari Clinic,Mashamari,Jere,Borno,11.87005,13.30936,PHC,yes,no,29,32,3
6/28/2023,Dalaram Clinic,Ngudda/Addamari,Jere,Borno,11.92009,13.21639,PHC,yes,yes,22,27,5
6/17/2023,Mashamari Clinic,Gomari,Jere,Borno,11.83747,13.33849,PHC,yes,no,13,14,1
6/15/2023,Mairi Clinic,Alau,Jere,Borno,11.94535,13.33896,PHC,no,yes,17,20,3
6/2/2023,Zabamari Clinic,Dusuman,Jere,Borno,11.93537,13.2247,PHC,yes,yes,18,18,0
6/13/2023,Maimusari Health Clinic,Ngudda/Addamari,Jere,Borno,11.90449,13.30958,PHC,no,no,35,36,1
7/7/2023,Farm Center Idp Camp,Mairi,Jere,Borno,11.88839,13.32141,PHC,yes,no,23,23,0
7/16/2023,Taimakon Jamaa Health Clinic,Dala Lawanti,Jere,Borno,11.8323,13.31452,PHC,yes,yes,33,39,6
7/21/2023,Khadammari Health Clinic,Tuba,Jere,Borno,11.92107,13.30946,PHC,yes,no,24,28,4
7/5/2023,Lambu 2 Idp Camp Clinic,Tuba,Jere,Borno,11.8866,13.30569,PHC,yes,yes,10,13,3
7/14/2023,Madinatu Idp Camp Clinic,Old Maiduguri,Jere,Borno,11.92997,13.25702,PHC,yes,no,30,34,4
7/27/2023,Divine Health Clinic,Mairi,Jere,Borno,11.90527,13.30253,PHC,yes,yes,31,42,11
7/16/2023,Fariya Idp Camp Clinic,Maimusari,Jere,Borno,11.85692,13.34843,PHC,yes,yes,33,40,7
7/13/2023,Dalori Idp Camp Clinic,Alau,Jere,Borno,11.92076,13.26017,PHC,yes,no,9,10,1
7/22/2023,Benisheikh Maternal and Child Health,Gomari,Jere,Borno,11.89832,13.25934,PHC,no,yes,11,13,2
7/27/2023,Elmiskin Idp Clinic,Dusuman,Jere,Borno,11.91205,13.26427,PHC,yes,yes,30,37,7
7/7/2023,Madinatu Idp Camp,Old Maiduguri,Jere,Borno,11.81364,13.20707,PHC,yes,yes,21,27,6
7/10/2023,University Of Maiduguri Teaching Hospital Umth,Alau,Jere,Borno,11.85772,13.28938,PHC,yes,yes,19,21,2
7/23/2023,505 Housing Estate Health Clinic,Mashamari,Jere,Borno,11.90226,13.28055,PHC,yes,yes,13,15,2
7/7/2023,Fori Clinic,Gongulong,Jere,Borno,11.80049,13.30831,PHC,no,no,10,12,2
7/24/2023,Laje Clinic,Gongulong,Jere,Borno,11.93058,13.24477,PHC,yes,yes,7,9,2
7/6/2023,Chase Clinic,Dala Lawanti,Jere,Borno,11.88984,13.27329,PHC,yes,yes,15,20,5
7/4/2023,Koshebe Clinic,Bale Galtimari,Jere,Borno,11.83613,13.2851,PHC,yes,no,11,15,4
7/24/2023,202 Clinic,Bale Galtimari,Jere,Borno,11.81926,13.27129,PHC,yes,yes,7,7,0
7/16/2023,Tamus Ngamdaa Clinic,Dala Lawanti,Jere,Borno,11.93934,13.31329,PHC,yes,no,10,11,1
7/1/2023,Dusuman Health Center,Maimusari,Jere,Borno,11.86572,13.27764,PHC,yes,yes,9,12,3
7/4/2023,Dala Clinic,Dusuman,Jere,Borno,11.88827,13.20108,PHC,no,yes,17,22,5
7/10/2023,Jiddari Primary Health Center,Gongulong,Jere,Borno,11.81063,13.2357,PHC,yes,yes,23,25,2
7/23/2023,Gongu Along Model Primary Health Center,Bale Galtimari,Jere,Borno,11.83645,13.27095,PHC,yes,yes,22,23,1
7/16/2023,Gomari Clinic,Mashamari,Jere,Borno,11.87005,13.30936,PHC,yes,no,17,18,1
7/9/2023,Dalaram Clinic,Ngudda/Addamari,Jere,Borno,11.92009,13.21639,PHC,yes,yes,17,18,1
7/16/2023,Mashamari Clinic,Gomari,Jere,Borno,11.83747,13.33849,PHC,yes,no,27,34,7
7/5/2023,Mairi Clinic,Alau,Jere,Borno,11.94535,13.33896,PHC,no,yes,8,9,1
7/8/2023,Zabamari Clinic,Dusuman,Jere,Borno,11.93537,13.2247,PHC,yes,yes,20,20,0
7/22/2023,Maimusari Health Clinic,Ngudda/Addamari,Jere,Borno,11.90449,13.30958,PHC,no,no,31,41,10
8/12/2023,Farm Center Idp Camp,Mairi,Jere,Borno,11.88839,13.32141,PHC,yes,no,16,18,2
8/1/2023,Taimakon Jamaa Health Clinic,Dala Lawanti,Jere,Borno,11.8323,13.31452,PHC,yes,yes,8,10,2
8/10/2023,Khadammari Health Clinic,Tuba,Jere,Borno,11.92107,13.30946,PHC,yes,no,15,19,4
8/22/2023,Lambu 2 Idp Camp Clinic,Tuba,Jere,Borno,11.8866,13.30569,PHC,yes,yes,20,20,0
8/14/2023,Madinatu Idp Camp Clinic,Old Maiduguri,Jere,Borno,11.92997,13.25702,PHC,yes,no,13,15,2
8/22/2023,Divine Health Clinic,Mairi,Jere,Borno,11.90527,13.30253,PHC,yes,yes,21,26,5
8/26/2023,Fariya Idp Camp Clinic,Maimusari,Jere,Borno,11.85692,13.34843,PHC,yes,yes,22,29,7
8/19/2023,Dalori Idp Camp Clinic,Alau,Jere,Borno,11.92076,13.26017,PHC,yes,no,34,34,0
8/17/2023,Benisheikh Maternal and Child Health,Gomari,Jere,Borno,11.89832,13.25934,PHC,no,yes,18,18,0
8/24/2023,Elmiskin Idp Clinic,Dusuman,Jere,Borno,11.91205,13.26427,PHC,yes,yes,7,9,2
8/23/2023,Madinatu Idp Camp,Old Maiduguri,Jere,Borno,11.81364,13.20707,PHC,yes,yes,17,21,4
8/20/2023,University Of Maiduguri Teaching Hospital Umth,Alau,Jere,Borno,11.85772,13.28938,PHC,yes,yes,32,39,7
8/11/2023,505 Housing Estate Health Clinic,Mashamari,Jere,Borno,11.90226,13.28055,PHC,yes,yes,24,33,9
8/1/2023,Fori Clinic,Gongulong,Jere,Borno,11.80049,13.30831,PHC,no,no,16,17,1
8/2/2023,Laje Clinic,Gongulong,Jere,Borno,11.93058,13.24477,PHC,yes,yes,6,6,0
8/5/2023,Chase Clinic,Dala Lawanti,Jere,Borno,11.88984,13.27329,PHC,yes,yes,12,12,0
8/20/2023,Koshebe Clinic,Bale Galtimari,Jere,Borno,11.83613,13.2851,PHC,yes,no,29,30,1
8/1/2023,202 Clinic,Bale Galtimari,Jere,Borno,11.81926,13.27129,PHC,yes,yes,8,8,0
8/25/2023,Tamus Ngamdaa Clinic,Dala Lawanti,Jere,Borno,11.93934,13.31329,PHC,yes,no,27,28,1
8/17/2023,Dusuman Health Center,Maimusari,Jere,Borno,11.86572,13.27764,PHC,yes,yes,15,16,1
8/9/2023,Dala Clinic,Dusuman,Jere,Borno,11.88827,13.20108,PHC,no,yes,32,42,10
8/6/2023,Jiddari Primary Health Center,Gongulong,Jere,Borno,11.81063,13.2357,PHC,yes,yes,27,30,3
8/14/2023,Gongu Along Model Primary Health Center,Bale Galtimari,Jere,Borno,11.83645,13.27095,PHC,yes,yes,29,29,0
8/25/2023,Gomari Clinic,Mashamari,Jere,Borno,11.87005,13.30936,PHC,yes,no,29,32,3
8/19/2023,Dalaram Clinic,Ngudda/Addamari,Jere,Borno,11.92009,13.21639,PHC,yes,yes,6,7,1
8/6/2023,Mashamari Clinic,Gomari,Jere,Borno,11.83747,13.33849,PHC,yes,no,12,14,2
8/28/2023,Mairi Clinic,Alau,Jere,Borno,11.94535,13.33896,PHC,no,yes,6,7,1
8/10/2023,Zabamari Clinic,Dusuman,Jere,Borno,11.93537,13.2247,PHC,yes,yes,12,15,3
8/10/2023,Maimusari Health Clinic,Ngudda/Addamari,Jere,Borno,11.90449,13.30958,PHC,no,no,20,25,5
9/15/2023,Farm Center Idp Camp,Mairi,Jere,Borno,11.88839,13.32141,PHC,yes,no,18,18,0
9/19/2023,Taimakon Jamaa Health Clinic,Dala Lawanti,Jere,Borno,11.8323,13.31452,PHC,yes,yes,13,14,1
9/7/2023,Khadammari Health Clinic,Tuba,Jere,Borno,11.92107,13.30946,PHC,yes,no,13,16,3
9/4/2023,Lambu 2 Idp Camp Clinic,Tuba,Jere,Borno,11.8866,13.30569,PHC,yes,yes,26,33,7
9/6/2023,Madinatu Idp Camp Clinic,Old Maiduguri,Jere,Borno,11.92997,13.25702,PHC,yes,no,22,30,8
9/10/2023,Divine Health Clinic,Mairi,Jere,Borno,11.90527,13.30253,PHC,yes,yes,25,25,0
9/3/2023,Fariya Idp Camp Clinic,Maimusari,Jere,Borno,11.85692,13.34843,PHC,yes,yes,10,11,1
9/5/2023,Dalori Idp Camp Clinic,Alau,Jere,Borno,11.92076,13.26017,PHC,yes,no,8,10,2
9/28/2023,Benisheikh Maternal and Child Health,Gomari,Jere,Borno,11.89832,13.25934,PHC,no,yes,33,35,2
9/11/2023,Elmiskin Idp Clinic,Dusuman,Jere,Borno,11.91205,13.26427,PHC,yes,yes,10,11,1
9/19/2023,Madinatu Idp Camp,Old Maiduguri,Jere,Borno,11.81364,13.20707,PHC,yes,yes,16,21,5
9/11/2023,University Of Maiduguri Teaching Hospital Umth,Alau,Jere,Borno,11.85772,13.28938,PHC,yes,yes,14,15,1
9/20/2023,505 Housing Estate Health Clinic,Mashamari,Jere,Borno,11.90226,13.28055,PHC,yes,yes,17,18,1
9/24/2023,Fori Clinic,Gongulong,Jere,Borno,11.80049,13.30831,PHC,no,no,23,26,3
9/1/2023,Laje Clinic,Gongulong,Jere,Borno,11.93058,13.24477,PHC,yes,yes,14,15,1
9/24/2023,Chase Clinic,Dala Lawanti,Jere,Borno,11.88984,13.27329,PHC,yes,yes,31,37,6
9/26/2023,Koshebe Clinic,Bale Galtimari,Jere,Borno,11.83613,13.2851,PHC,yes,no,17,20,3
9/6/2023,202 Clinic,Bale Galtimari,Jere,Borno,11.81926,13.27129,PHC,yes,yes,26,35,9
9/14/2023,Tamus Ngamdaa Clinic,Dala Lawanti,Jere,Borno,11.93934,13.31329,PHC,yes,no,24,27,3
9/13/2023,Dusuman Health Center,Maimusari,Jere,Borno,11.86572,13.27764,PHC,yes,yes,12,13,1
9/3/2023,Dala Clinic,Dusuman,Jere,Borno,11.88827,13.20108,PHC,no,yes,24,31,7
9/22/2023,Jiddari Primary Health Center,Gongulong,Jere,Borno,11.81063,13.2357,PHC,yes,yes,14,16,2
9/10/2023,Gongu Along Model Primary Health Center,Bale Galtimari,Jere,Borno,11.83645,13.27095,PHC,yes,yes,32,44,12
9/3/2023,Gomari Clinic,Mashamari,Jere,Borno,11.87005,13.30936,PHC,yes,no,13,16,3
9/21/2023,Dalaram Clinic,Ngudda/Addamari,Jere,Borno,11.92009,13.21639,PHC,yes,yes,27,30,3
9/24/2023,Mashamari Clinic,Gomari,Jere,Borno,11.83747,13.33849,PHC,yes,no,11,13,2
9/14/2023,Mairi Clinic,Alau,Jere,Borno,11.94535,13.33896,PHC,no,yes,30,36,6
9/17/2023,Zabamari Clinic,Dusuman,Jere,Borno,11.93537,13.2247,PHC,yes,yes,17,23,6
9/3/2023,Maimusari Health Clinic,Ngudda/Addamari,Jere,Borno,11.90449,13.30958,PHC,no,no,7,8,1
10/18/2023,Farm Center Idp Camp,Mairi,Jere,Borno,11.88839,13.32141,PHC,yes,no,16,17,1
10/6/2023,Taimakon Jamaa Health Clinic,Dala Lawanti,Jere,Borno,11.8323,13.31452,PHC,yes,yes,25,29,4
10/3/2023,Khadammari Health Clinic,Tuba,Jere,Borno,11.92107,13.30946,PHC,yes,no,26,34,8
10/21/2023,Lambu 2 Idp Camp Clinic,Tuba,Jere,Borno,11.8866,13.30569,PHC,yes,yes,35,47,12
10/25/2023,Madinatu Idp Camp Clinic,Old Maiduguri,Jere,Borno,11.92997,13.25702,PHC,yes,no,26,26,0
10/22/2023,Divine Health Clinic,Mairi,Jere,Borno,11.90527,13.30253,PHC,yes,yes,10,13,3
10/9/2023,Fariya Idp Camp Clinic,Maimusari,Jere,Borno,11.85692,13.34843,PHC,yes,yes,11,11,0
10/20/2023,Dalori Idp Camp Clinic,Alau,Jere,Borno,11.92076,13.26017,PHC,yes,no,11,14,3
10/22/2023,Benisheikh Maternal and Child Health,Gomari,Jere,Borno,11.89832,13.25934,PHC,no,yes,17,21,4
10/23/2023,Elmiskin Idp Clinic,Dusuman,Jere,Borno,11.91205,13.26427,PHC,yes,yes,27,28,1
10/10/2023,Madinatu Idp Camp,Old Maiduguri,Jere,Borno,11.81364,13.20707,PHC,yes,yes,10,12,2
10/3/2023,University Of Maiduguri Teaching Hospital Umth,Alau,Jere,Borno,11.85772,13.28938,PHC,yes,yes,12,12,0
10/8/2023,505 Housing Estate Health Clinic,Mashamari,Jere,Borno,11.90226,13.28055,PHC,yes,yes,22,22,0
10/15/2023,Fori Clinic,Gongulong,Jere,Borno,11.80049,13.30831,PHC,no,no,20,22,2
10/28/2023,Laje Clinic,Gongulong,Jere,Borno,11.93058,13.24477,PHC,yes,yes,19,23,4
10/26/2023,Chase Clinic,Dala Lawanti,Jere,Borno,11.88984,13.27329,PHC,yes,yes,21,22,1
10/18/2023,Koshebe Clinic,Bale Galtimari,Jere,Borno,11.83613,13.2851,PHC,yes,no,7,9,2
10/20/2023,202 Clinic,Bale Galtimari,Jere,Borno,11.81926,13.27129,PHC,yes,yes,18,21,3
10/7/2023,Tamus Ngamdaa Clinic,Dala Lawanti,Jere,Borno,11.93934,13.31329,PHC,yes,no,29,36,7
10/20/2023,Dusuman Health Center,Maimusari,Jere,Borno,11.86572,13.27764,PHC,yes,yes,22,29,7
10/22/2023,Dala Clinic,Dusuman,Jere,Borno,11.88827,13.20108,PHC,no,yes,31,41,10
10/25/2023,Jiddari Primary Health Center,Gongulong,Jere,Borno,11.81063,13.2357,PHC,yes,yes,11,11,0
10/13/2023,Gongu Along Model Primary Health Center,Bale Galtimari,Jere,Borno,11.83645,13.27095,PHC,yes,yes,15,16,1
10/5/2023,Gomari Clinic,Mashamari,Jere,Borno,11.87005,13.30936,PHC,yes,no,32,39,7
10/16/2023,Dalaram Clinic,Ngudda/Addamari,Jere,Borno,11.92009,13.21639,PHC,yes,yes,25,26,1
10/15/2023,Mashamari Clinic,Gomari,Jere,Borno,11.83747,13.33849,PHC,yes,no,31,38,7
10/14/2023,Mairi Clinic,Alau,Jere,Borno,11.94535,13.33896,PHC,no,yes,33,38,5
10/7/2023,Zabamari Clinic,Dusuman,Jere,Borno,11.93537,13.2247,PHC,yes,yes,25,27,2
10/1/2023,Maimusari Health Clinic,Ngudda/Addamari,Jere,Borno,11.90449,13.30958,PHC,no,no,34,35,1
11/14/2023,Farm Center Idp Camp,Mairi,Jere,Borno,11.88839,13.32141,PHC,yes,no,10,11,1
11/11/2023,Taimakon Jamaa Health Clinic,Dala Lawanti,Jere,Borno,11.8323,13.31452,PHC,yes,yes,12,13,1
11/9/2023,Khadammari Health Clinic,Tuba,Jere,Borno,11.92107,13.30946,PHC,yes,no,12,15,3
11/19/2023,Lambu 2 Idp Camp Clinic,Tuba,Jere,Borno,11.8866,13.30569,PHC,yes,yes,14,19,5
11/2/2023,Madinatu Idp Camp Clinic,Old Maiduguri,Jere,Borno,11.92997,13.25702,PHC,yes,no,29,33,4
11/13/2023,Divine Health Clinic,Mairi,Jere,Borno,11.90527,13.30253,PHC,yes,yes,25,27,2
11/19/2023,Fariya Idp Camp Clinic,Maimusari,Jere,Borno,11.85692,13.34843,PHC,yes,yes,28,37,9
11/21/2023,Dalori Idp Camp Clinic,Alau,Jere,Borno,11.92076,13.26017,PHC,yes,no,8,9,1
11/2/2023,Benisheikh Maternal and Child Health,Gomari,Jere,Borno,11.89832,13.25934,PHC,no,yes,22,22,0
11/11/2023,Elmiskin Idp Clinic,Dusuman,Jere,Borno,11.91205,13.26427,PHC,yes,yes,25,28,3
11/28/2023,Madinatu Idp Camp,Old Maiduguri,Jere,Borno,11.81364,13.20707,PHC,yes,yes,17,23,6
11/24/2023,University Of Maiduguri Teaching Hospital Umth,Alau,Jere,Borno,11.85772,13.28938,PHC,yes,yes,28,38,10
11/17/2023,505 Housing Estate Health Clinic,Mashamari,Jere,Borno,11.90226,13.28055,PHC,yes,yes,30,40,10
11/4/2023,Fori Clinic,Gongulong,Jere,Borno,11.80049,13.30831,PHC,no,no,6,6,0
11/8/2023,Laje Clinic,Gongulong,Jere,Borno,11.93058,13.24477,PHC,yes,yes,22,25,3
11/4/2023,Chase Clinic,Dala Lawanti,Jere,Borno,11.88984,13.27329,PHC,yes,yes,34,36,2
11/26/2023,Koshebe Clinic,Bale Galtimari,Jere,Borno,11.83613,13.2851,PHC,yes,no,29,35,6
11/27/2023,202 Clinic,Bale Galtimari,Jere,Borno,11.81926,13.27129,PHC,yes,yes,8,8,0
11/11/2023,Tamus Ngamdaa Clinic,Dala Lawanti,Jere,Borno,11.93934,13.31329,PHC,yes,no,23,29,6
11/7/2023,Dusuman Health Center,Maimusari,Jere,Borno,11.86572,13.27764,PHC,yes,yes,20,24,4
11/27/2023,Dala Clinic,Dusuman,Jere,Borno,11.88827,13.20108,PHC,no,yes,33,42,9
11/28/2023,Jiddari Primary Health Center,Gongulong,Jere,Borno,11.81063,13.2357,PHC,yes,yes,34,34,0
11/27/2023,Gongu Along Model Primary Health Center,Bale Galtimari,Jere,Borno,11.83645,13.27095,PHC,yes,yes,35,38,3
11/9/2023,Gomari Clinic,Mashamari,Jere,Borno,11.87005,13.30936,PHC,yes,no,20,22,2
11/12/2023,Dalaram Clinic,Ngudda/Addamari,Jere,Borno,11.92009,13.21639,PHC,yes,yes,31,35,4
11/5/2023,Mashamari Clinic,Gomari,Jere,Borno,11.83747,13.33849,PHC,yes,no,32,44,12
11/27/2023,Mairi Clinic,Alau,Jere,Borno,11.94535,13.33896,PHC,no,yes,22,25,3
11/25/2023,Zabamari Clinic,Dusuman,Jere,Borno,11.93537,13.2247,PHC,yes,yes,20,24,4
11/25/2023,Maimusari Health Clinic,Ngudda/Addamari,Jere,Borno,11.90449,13.30958,PHC,no,no,20,25,5
12/2/2023,Farm Center Idp Camp,Mairi,Jere,Borno,11.88839,13.32141,PHC,yes,no,11,14,3
12/16/2023,Taimakon Jamaa Health Clinic,Dala Lawanti,Jere,Borno,11.8323,13.31452,PHC,yes,yes,32,41,9
12/9/2023,Khadammari Health Clinic,Tuba,Jere,Borno,11.92107,13.30946,PHC,yes,no,12,12,0
12/4/2023,Lambu 2 Idp Camp Clinic,Tuba,Jere,Borno,11.8866,13.30569,PHC,yes,yes,25,31,6
12/21/2023,Madinatu Idp Camp Clinic,Old Maiduguri,Jere,Borno,11.92997,13.25702,PHC,yes,no,32,33,1
12/9/2023,Divine Health Clinic,Mairi,Jere,Borno,11.90527,13.30253,PHC,yes,yes,20,22,2
12/14/2023,Fariya Idp Camp Clinic,Maimusari,Jere,Borno,11.85692,13.34843,PHC,yes,yes,9,11,2
12/16/2023,Dalori Idp Camp Clinic,Alau,Jere,Borno,11.92076,13.26017,PHC,yes,no,7,9,2
12/24/2023,Benisheikh Maternal and Child Health,Gomari,Jere,Borno,11.89832,13.25934,PHC,no,yes,19,21,2
12/1/2023,Elmiskin Idp Clinic,Dusuman,Jere,Borno,11.91205,13.26427,PHC,yes,yes,25,31,6
12/28/2023,Madinatu Idp Camp,Old Maiduguri,Jere,Borno,11.81364,13.20707,PHC,yes,yes,29,33,4
12/9/2023,University Of Maiduguri Teaching Hospital Umth,Alau,Jere,Borno,11.85772,13.28938,PHC,yes,yes,22,29,7
12/25/2023,505 Housing Estate Health Clinic,Mashamari,Jere,Borno,11.90226,13.28055,PHC,yes,yes,35,44,9
12/18/2023,Fori Clinic,Gongulong,Jere,Borno,11.80049,13.30831,PHC,no,no,10,12,2
12/15/2023,Laje Clinic,Gongulong,Jere,Borno,11.93058,13.24477,PHC,yes,yes,15,15,0
12/3/2023,Chase Clinic,Dala Lawanti,Jere,Borno,11.88984,13.27329,PHC,yes,yes,15,20,5
12/20/2023,Koshebe Clinic,Bale Galtimari,Jere,Borno,11.83613,13.2851,PHC,yes,no,32,38,6
12/7/2023,202 Clinic,Bale Galtimari,Jere,Borno,11.81926,13.27129,PHC,yes,yes,17,18,1
12/7/2023,Tamus Ngamdaa Clinic,Dala Lawanti,Jere,Borno,11.93934,13.31329,PHC,yes,no,15,18,3
12/23/2023,Dusuman Health Center,Maimusari,Jere,Borno,11.86572,13.27764,PHC,yes,yes,32,36,4
12/27/2023,Dala Clinic,Dusuman,Jere,Borno,11.88827,13.20108,PHC,no,yes,32,42,10
12/10/2023,Jiddari Primary Health Center,Gongulong,Jere,Borno,11.81063,13.2357,PHC,yes,yes,7,7,0
12/18/2023,Gongu Along Model Primary Health Center,Bale Galtimari,Jere,Borno,11.83645,13.27095,PHC,yes,yes,22,25,3
12/14/2023,Gomari Clinic,Mashamari,Jere,Borno,11.87005,13.30936,PHC,yes,no,13,14,1
12/27/2023,Dalaram Clinic,Ngudda/Addamari,Jere,Borno,11.92009,13.21639,PHC,yes,yes,17,17,0
12/28/2023,Mashamari Clinic,Gomari,Jere,Borno,11.83747,13.33849,PHC,yes,no,15,18,3
12/25/2023,Mairi Clinic,Alau,Jere,Borno,11.94535,13.33896,PHC,no,yes,16,21,5
12/11/2023,Zabamari Clinic,Dusuman,Jere,Borno,11.93537,13.2247,PHC,yes,yes,16,20,4
12/24/2023,Maimusari Health Clinic,Ngudda/Addamari,Jere,Borno,11.90449,13.30958,PHC,no,no,7,9,2
1/7/2024,Farm Center Idp Camp,Mairi,Jere,Borno,11.88839,13.32141,PHC,yes,no,32,41,9
1/2/2024,Taimakon Jamaa Health Clinic,Dala Lawanti,Jere,Borno,11.8323,13.31452,PHC,yes,yes,17,18,1
1/19/2024,Khadammari Health Clinic,Tuba,Jere,Borno,11.92107,13.30946,PHC,yes,no,6,7,1
1/26/2024,Lambu 2 Idp Camp Clinic,Tuba,Jere,Borno,11.8866,13.30569,PHC,yes,yes,9,9,0
1/9/2024,Madinatu Idp Camp Clinic,Old Maiduguri,Jere,Borno,11.92997,13.25702,PHC,yes,no,27,31,4
1/19/2024,Divine Health Clinic,Mairi,Jere,Borno,11.90527,13.30253,PHC,yes,yes,26,32,6
1/1/2024,Fariya Idp Camp Clinic,Maimusari,Jere,Borno,11.85692,13.34843,PHC,yes,yes,20,27,7
1/18/2024,Dalori Idp Camp Clinic,Alau,Jere,Borno,11.92076,13.26017,PHC,yes,no,18,21,3
1/21/2024,Benisheikh Maternal and Child Health,Gomari,Jere,Borno,11.89832,13.25934,PHC,no,yes,18,18,0
1/2/2024,Elmiskin Idp Clinic,Dusuman,Jere,Borno,11.91205,13.26427,PHC,yes,yes,26,33,7
1/14/2024,Madinatu Idp Camp,Old Maiduguri,Jere,Borno,11.81364,13.20707,PHC,yes,yes,23,31,8
1/26/2024,University Of Maiduguri Teaching Hospital Umth,Alau,Jere,Borno,11.85772,13.28938,PHC,yes,yes,19,25,6
1/12/2024,505 Housing Estate Health Clinic,Mashamari,Jere,Borno,11.90226,13.28055,PHC,yes,yes,24,30,6
1/2/2024,Fori Clinic,Gongulong,Jere,Borno,11.80049,13.30831,PHC,no,no,27,34,7
1/2/2024,Laje Clinic,Gongulong,Jere,Borno,11.93058,13.24477,PHC,yes,yes,28,31,3
1/12/2024,Chase Clinic,Dala Lawanti,Jere,Borno,11.88984,13.27329,PHC,yes,yes,12,15,3
1/1/2024,Koshebe Clinic,Bale Galtimari,Jere,Borno,11.83613,13.2851,PHC,yes,no,22,23,1
1/3/2024,202 Clinic,Bale Galtimari,Jere,Borno,11.81926,13.27129,PHC,yes,yes,27,37,10
1/22/2024,Tamus Ngamdaa Clinic,Dala Lawanti,Jere,Borno,11.93934,13.31329,PHC,yes,no,14,16,2
1/19/2024,Dusuman Health Center,Maimusari,Jere,Borno,11.86572,13.27764,PHC,yes,yes,17,21,4
1/5/2024,Dala Clinic,Dusuman,Jere,Borno,11.88827,13.20108,PHC,no,yes,28,33,5
1/22/2024,Jiddari Primary Health Center,Gongulong,Jere,Borno,11.81063,13.2357,PHC,yes,yes,10,13,3
1/8/2024,Gongu Along Model Primary Health Center,Bale Galtimari,Jere,Borno,11.83645,13.27095,PHC,yes,yes,14,17,3
1/16/2024,Gomari Clinic,Mashamari,Jere,Borno,11.87005,13.30936,PHC,yes,no,20,20,0
1/8/2024,Dalaram Clinic,Ngudda/Addamari,Jere,Borno,11.92009,13.21639,PHC,yes,yes,12,16,4
1/3/2024,Mashamari Clinic,Gomari,Jere,Borno,11.83747,13.33849,PHC,yes,no,11,14,3
1/22/2024,Mairi Clinic,Alau,Jere,Borno,11.94535,13.33896,PHC,no,yes,28,33,5
1/23/2024,Zabamari Clinic,Dusuman,Jere,Borno,11.93537,13.2247,PHC,yes,yes,10,13,3
1/7/2024,Maimusari Health Clinic,Ngudda/Addamari,Jere,Borno,11.90449,13.30958,PHC,no,no,23,28,5
2/17/2024,Farm Center Idp Camp,Mairi,Jere,Borno,11.88839,13.32141,PHC,yes,no,18,18,0
2/28/2024,Taimakon Jamaa Health Clinic,Dala Lawanti,Jere,Borno,11.8323,13.31452,PHC,yes,yes,8,10,2
2/25/2024,Khadammari Health Clinic,Tuba,Jere,Borno,11.92107,13.30946,PHC,yes,no,7,7,0
2/5/2024,Lambu 2 Idp Camp Clinic,Tuba,Jere,Borno,11.8866,13.30569,PHC,yes,yes,25,31,6
2/1/2024,Madinatu Idp Camp Clinic,Old Maiduguri,Jere,Borno,11.92997,13.25702,PHC,yes,no,23,29,6
2/22/2024,Divine Health Clinic,Mairi,Jere,Borno,11.90527,13.30253,PHC,yes,yes,29,37,8
2/18/2024,Fariya Idp Camp Clinic,Maimusari,Jere,Borno,11.85692,13.34843,PHC,yes,yes,12,13,1
2/11/2024,Dalori Idp Camp Clinic,Alau,Jere,Borno,11.92076,13.26017,PHC,yes,no,12,15,3
2/10/2024,Benisheikh Maternal and Child Health,Gomari,Jere,Borno,11.89832,13.25934,PHC,no,yes,20,25,5
2/21/2024,Elmiskin Idp Clinic,Dusuman,Jere,Borno,11.91205,13.26427,PHC,yes,yes,29,38,9
2/6/2024,Madinatu Idp Camp,Old Maiduguri,Jere,Borno,11.81364,13.20707,PHC,yes,yes,13,16,3
2/27/2024,University Of Maiduguri Teaching Hospital Umth,Alau,Jere,Borno,11.85772,13.28938,PHC,yes,yes,15,17,2
2/2/2024,505 Housing Estate Health Clinic,Mashamari,Jere,Borno,11.90226,13.28055,PHC,yes,yes,17,18,1
2/7/2024,Fori Clinic,Gongulong,Jere,Borno,11.80049,13.30831,PHC,no,no,28,31,3
2/9/2024,Laje Clinic,Gongulong,Jere,Borno,11.93058,13.24477,PHC,yes,yes,11,11,0
2/21/2024,Chase Clinic,Dala Lawanti,Jere,Borno,11.88984,13.27329,PHC,yes,yes,18,23,5
2/9/2024,Koshebe Clinic,Bale Galtimari,Jere,Borno,11.83613,13.2851,PHC,yes,no,9,9,0
2/24/2024,202 Clinic,Bale Galtimari,Jere,Borno,11.81926,13.27129,PHC,yes,yes,11,14,3
2/13/2024,Tamus Ngamdaa Clinic,Dala Lawanti,Jere,Borno,11.93934,13.31329,PHC,yes,no,14,14,0
2/6/2024,Dusuman Health Center,Maimusari,Jere,Borno,11.86572,13.27764,PHC,yes,yes,17,17,0
2/1/2024,Dala Clinic,Dusuman,Jere,Borno,11.88827,13.20108,PHC,no,yes,10,11,1
2/7/2024,Jiddari Primary Health Center,Gongulong,Jere,Borno,11.81063,13.2357,PHC,yes,yes,11,14,3
2/16/2024,Gongu Along Model Primary Health Center,Bale Galtimari,Jere,Borno,11.83645,13.27095,PHC,yes,yes,8,10,2
2/3/2024,Gomari Clinic,Mashamari,Jere,Borno,11.87005,13.30936,PHC,yes,no,6,7,1
2/27/2024,Dalaram Clinic,Ngudda/Addamari,Jere,Borno,11.92009,13.21639,PHC,yes,yes,35,39,4
2/1/2024,Mashamari Clinic,Gomari,Jere,Borno,11.83747,13.33849,PHC,yes,no,15,15,0
2/16/2024,Mairi Clinic,Alau,Jere,Borno,11.94535,13.33896,PHC,no,yes,10,11,1
2/6/2024,Zabamari Clinic,Dusuman,Jere,Borno,11.93537,13.2247,PHC,yes,yes,19,23,4
2/23/2024,Maimusari Health Clinic,Ngudda/Addamari,Jere,Borno,11.90449,13.30958,PHC,no,no,35,48,13
3/23/2024,Farm Center Idp Camp,Mairi,Jere,Borno,11.88839,13.32141,PHC,yes,no,30,36,6
3/2/2024,Taimakon Jamaa Health Clinic,Dala Lawanti,Jere,Borno,11.8323,13.31452,PHC,yes,yes,24,28,4
3/21/2024,Khadammari Health Clinic,Tuba,Jere,Borno,11.92107,13.30946,PHC,yes,no,23,23,0
3/26/2024,Lambu 2 Idp Camp Clinic,Tuba,Jere,Borno,11.8866,13.30569,PHC,yes,yes,28,33,5
3/17/2024,Madinatu Idp Camp Clinic,Old Maiduguri,Jere,Borno,11.92997,13.25702,PHC,yes,no,28,36,8
3/11/2024,Divine Health Clinic,Mairi,Jere,Borno,11.90527,13.30253,PHC,yes,yes,9,11,2
3/16/2024,Fariya Idp Camp Clinic,Maimusari,Jere,Borno,11.85692,13.34843,PHC,yes,yes,31,33,2
3/5/2024,Dalori Idp Camp Clinic,Alau,Jere,Borno,11.92076,13.26017,PHC,yes,no,32,44,12
3/6/2024,Benisheikh Maternal and Child Health,Gomari,Jere,Borno,11.89832,13.25934,PHC,no,yes,16,20,4
3/23/2024,Elmiskin Idp Clinic,Dusuman,Jere,Borno,11.91205,13.26427,PHC,yes,yes,16,18,2
3/8/2024,Madinatu Idp Camp,Old Maiduguri,Jere,Borno,11.81364,13.20707,PHC,yes,yes,18,19,1
3/20/2024,University Of Maiduguri Teaching Hospital Umth,Alau,Jere,Borno,11.85772,13.28938,PHC,yes,yes,17,21,4
3/2/2024,505 Housing Estate Health Clinic,Mashamari,Jere,Borno,11.90226,13.28055,PHC,yes,yes,34,34,0
3/25/2024,Fori Clinic,Gongulong,Jere,Borno,11.80049,13.30831,PHC,no,no,12,12,0
3/15/2024,Laje Clinic,Gongulong,Jere,Borno,11.93058,13.24477,PHC,yes,yes,15,17,2
3/10/2024,Chase Clinic,Dala Lawanti,Jere,Borno,11.88984,13.27329,PHC,yes,yes,15,20,5
3/20/2024,Koshebe Clinic,Bale Galtimari,Jere,Borno,11.83613,13.2851,PHC,yes,no,9,11,2
3/4/2024,202 Clinic,Bale Galtimari,Jere,Borno,11.81926,13.27129,PHC,yes,yes,18,18,0
3/20/2024,Tamus Ngamdaa Clinic,Dala Lawanti,Jere,Borno,11.93934,13.31329,PHC,yes,no,19,21,2
3/24/2024,Dusuman Health Center,Maimusari,Jere,Borno,11.86572,13.27764,PHC,yes,yes,24,30,6
3/4/2024,Dala Clinic,Dusuman,Jere,Borno,11.88827,13.20108,PHC,no,yes,8,10,2
3/25/2024,Jiddari Primary Health Center,Gongulong,Jere,Borno,11.81063,13.2357,PHC,yes,yes,29,30,1
3/21/2024,Gongu Along Model Primary Health Center,Bale Galtimari,Jere,Borno,11.83645,13.27095,PHC,yes,yes,15,16,1
3/19/2024,Gomari Clinic,Mashamari,Jere,Borno,11.87005,13.30936,PHC,yes,no,20,20,0
3/11/2024,Dalaram Clinic,Ngudda/Addamari,Jere,Borno,11.92009,13.21639,PHC,yes,yes,31,33,2
3/8/2024,Mashamari Clinic,Gomari,Jere,Borno,11.83747,13.33849,PHC,yes,no,12,13,1
3/19/2024,Mairi Clinic,Alau,Jere,Borno,11.94535,13.33896,PHC,no,yes,19,26,7
3/16/2024,Zabamari Clinic,Dusuman,Jere,Borno,11.93537,13.2247,PHC,yes,yes,26,26,0
3/1/2024,Maimusari Health Clinic,Ngudda/Addamari,Jere,Borno,11.90449,13.30958,PHC,no,no,32,43,11
4/13/2024,Farm Center Idp Camp,Mairi,Jere,Borno,11.88839,13.32141,PHC,yes,no,6,6,0
4/20/2024,Taimakon Jamaa Health Clinic,Dala Lawanti,Jere,Borno,11.8323,13.31452,PHC,yes,yes,32,38,6
4/5/2024,Khadammari Health Clinic,Tuba,Jere,Borno,11.92107,13.30946,PHC,yes,no,26,32,6
4/18/2024,Lambu 2 Idp Camp Clinic,Tuba,Jere,Borno,11.8866,13.30569,PHC,yes,yes,16,19,3
4/11/2024,Madinatu Idp Camp Clinic,Old Maiduguri,Jere,Borno,11.92997,13.25702,PHC,yes,no,34,46,12
4/1/2024,Divine Health Clinic,Mairi,Jere,Borno,11.90527,13.30253,PHC,yes,yes,21,23,2
4/26/2024,Fariya Idp Camp Clinic,Maimusari,Jere,Borno,11.85692,13.34843,PHC,yes,yes,35,47,12
4/6/2024,Dalori Idp Camp Clinic,Alau,Jere,Borno,11.92076,13.26017,PHC,yes,no,33,37,4
4/5/2024,Benisheikh Maternal and Child Health,Gomari,Jere,Borno,11.89832,13.25934,PHC,no,yes,24,25,1
4/7/2024,Elmiskin Idp Clinic,Dusuman,Jere,Borno,11.91205,13.26427,PHC,yes,yes,15,19,4
4/21/2024,Madinatu Idp Camp,Old Maiduguri,Jere,Borno,11.81364,13.20707,PHC,yes,yes,10,11,1
4/16/2024,University Of Maiduguri Teaching Hospital Umth,Alau,Jere,Borno,11.85772,13.28938,PHC,yes,yes,31,37,6
4/8/2024,505 Housing Estate Health Clinic,Mashamari,Jere,Borno,11.90226,13.28055,PHC,yes,yes,23,24,1
4/4/2024,Fori Clinic,Gongulong,Jere,Borno,11.80049,13.30831,PHC,no,no,14,16,2
4/3/2024,Laje Clinic,Gongulong,Jere,Borno,11.93058,13.24477,PHC,yes,yes,11,11,0
4/7/2024,Chase Clinic,Dala Lawanti,Jere,Borno,11.88984,13.27329,PHC,yes,yes,35,46,11
4/22/2024,Koshebe Clinic,Bale Galtimari,Jere,Borno,11.83613,13.2851,PHC,yes,no,27,28,1
4/7/2024,202 Clinic,Bale Galtimari,Jere,Borno,11.81926,13.27129,PHC,yes,yes,28,37,9
4/10/2024,Tamus Ngamdaa Clinic,Dala Lawanti,Jere,Borno,11.93934,13.31329,PHC,yes,no,18,20,2
4/5/2024,Dusuman Health Center,Maimusari,Jere,Borno,11.86572,13.27764,PHC,yes,yes,23,23,0
4/13/2024,Dala Clinic,Dusuman,Jere,Borno,11.88827,13.20108,PHC,no,yes,12,16,4
4/5/2024,Jiddari Primary Health Center,Gongulong,Jere,Borno,11.81063,13.2357,PHC,yes,yes,29,36,7
4/16/2024,Gongu Along Model Primary Health Center,Bale Galtimari,Jere,Borno,11.83645,13.27095,PHC,yes,yes,28,32,4
4/18/2024,Gomari Clinic,Mashamari,Jere,Borno,11.87005,13.30936,PHC,yes,no,14,15,1
4/9/2024,Dalaram Clinic,Ngudda/Addamari,Jere,Borno,11.92009,13.21639,PHC,yes,yes,28,28,0
4/9/2024,Mashamari Clinic,Gomari,Jere,Borno,11.83747,13.33849,PHC,yes,no,19,25,6
4/21/2024,Mairi Clinic,Alau,Jere,Borno,11.94535,13.33896,PHC,no,yes,13,13,0
4/3/2024,Zabamari Clinic,Dusuman,Jere,Borno,11.93537,13.2247,PHC,yes,yes,13,15,2
4/24/2024,Maimusari Health Clinic,Ngudda/Addamari,Jere,Borno,11.90449,13.30958,PHC,no,no,16,17,1
5/27/2024,Farm Center Idp Camp,Mairi,Jere,Borno,11.88839,13.32141,PHC,yes,no,34,42,8
5/28/2024,Taimakon Jamaa Health Clinic,Dala Lawanti,Jere,Borno,11.8323,13.31452,PHC,yes,yes,6,8,2
5/10/2024,Khadammari Health Clinic,Tuba,Jere,Borno,11.92107,13.30946,PHC,yes,no,23,25,2
5/28/2024,Lambu 2 Idp Camp Clinic,Tuba,Jere,Borno,11.8866,13.30569,PHC,yes,yes,31,33,2
5/26/2024,Madinatu Idp Camp Clinic,Old Maiduguri,Jere,Borno,11.92997,13.25702,PHC,yes,no,35,38,3
5/12/2024,Divine Health Clinic,Mairi,Jere,Borno,11.90527,13.30253,PHC,yes,yes,12,15,3
5/20/2024,Fariya Idp Camp Clinic,Maimusari,Jere,Borno,11.85692,13.34843,PHC,yes,yes,17,23,6
5/26/2024,Dalori Idp Camp Clinic,Alau,Jere,Borno,11.92076,13.26017,PHC,yes,no,35,36,1
5/6/2024,Benisheikh Maternal and Child Health,Gomari,Jere,Borno,11.89832,13.25934,PHC,no,yes,35,39,4
5/1/2024,Elmiskin Idp Clinic,Dusuman,Jere,Borno,11.91205,13.26427,PHC,yes,yes,12,16,4
5/10/2024,Madinatu Idp Camp,Old Maiduguri,Jere,Borno,11.81364,13.20707,PHC,yes,yes,29,39,10
5/20/2024,University Of Maiduguri Teaching Hospital Umth,Alau,Jere,Borno,11.85772,13.28938,PHC,yes,yes,34,44,10
5/26/2024,505 Housing Estate Health Clinic,Mashamari,Jere,Borno,11.90226,13.28055,PHC,yes,yes,21,27,6
5/14/2024,Fori Clinic,Gongulong,Jere,Borno,11.80049,13.30831,PHC,no,no,21,21,0
5/25/2024,Laje Clinic,Gongulong,Jere,Borno,11.93058,13.24477,PHC,yes,yes,12,13,1
5/20/2024,Chase Clinic,Dala Lawanti,Jere,Borno,11.88984,13.27329,PHC,yes,yes,32,35,3
5/10/2024,Koshebe Clinic,Bale Galtimari,Jere,Borno,11.83613,13.2851,PHC,yes,no,35,46,11
5/8/2024,202 Clinic,Bale Galtimari,Jere,Borno,11.81926,13.27129,PHC,yes,yes,18,21,3
5/7/2024,Tamus Ngamdaa Clinic,Dala Lawanti,Jere,Borno,11.93934,13.31329,PHC,yes,no,6,6,0
5/16/2024,Dusuman Health Center,Maimusari,Jere,Borno,11.86572,13.27764,PHC,yes,yes,11,12,1
5/18/2024,Dala Clinic,Dusuman,Jere,Borno,11.88827,13.20108,PHC,no,yes,14,15,1
5/23/2024,Jiddari Primary Health Center,Gongulong,Jere,Borno,11.81063,13.2357,PHC,yes,yes,31,39,8
5/3/2024,Gongu Along Model Primary Health Center,Bale Galtimari,Jere,Borno,11.83645,13.27095,PHC,yes,yes,6,8,2
5/22/2024,Gomari Clinic,Mashamari,Jere,Borno,11.87005,13.30936,PHC,yes,no,27,30,3
5/7/2024,Dalaram Clinic,Ngudda/Addamari,Jere,Borno,11.92009,13.21639,PHC,yes,yes,23,29,6
5/14/2024,Mashamari Clinic,Gomari,Jere,Borno,11.83747,13.33849,PHC,yes,no,32,40,8
5/15/2024,Mairi Clinic,Alau,Jere,Borno,11.94535,13.33896,PHC,no,yes,30,40,10
5/23/2024,Zabamari Clinic,Dusuman,Jere,Borno,11.93537,13.2247,PHC,yes,yes,8,8,0
5/7/2024,Maimusari Health Clinic,Ngudda/Addamari,Jere,Borno,11.90449,13.30958,PHC,no,no,9,10,1
6/12/2024,Farm Center Idp Camp,Mairi,Jere,Borno,11.88839,13.32141,PHC,yes,no,35,41,6
6/6/2024,Taimakon Jamaa Health Clinic,Dala Lawanti,Jere,Borno,11.8323,13.31452,PHC,yes,yes,13,17,4
6/15/2024,Khadammari Health Clinic,Tuba,Jere,Borno,11.92107,13.30946,PHC,yes,no,32,38,6
6/4/2024,Lambu 2 Idp Camp Clinic,Tuba,Jere,Borno,11.8866,13.30569,PHC,yes,yes,9,11,2
6/22/2024,Madinatu Idp Camp Clinic,Old Maiduguri,Jere,Borno,11.92997,13.25702,PHC,yes,no,20,20,0
6/1/2024,Divine Health Clinic,Mairi,Jere,Borno,11.90527,13.30253,PHC,yes,yes,6,7,1
6/27/2024,Fariya Idp Camp Clinic,Maimusari,Jere,Borno,11.85692,13.34843,PHC,yes,yes,22,24,2
6/27/2024,Dalori Idp Camp Clinic,Alau,Jere,Borno,11.92076,13.26017,PHC,yes,no,11,11,0
6/17/2024,Benisheikh Maternal and Child Health,Gomari,Jere,Borno,11.89832,13.25934,PHC,no,yes,24,25,1
6/18/2024,Elmiskin Idp Clinic,Dusuman,Jere,Borno,11.91205,13.26427,PHC,yes,yes,7,9,2
6/12/2024,Madinatu Idp Camp,Old Maiduguri,Jere,Borno,11.81364,13.20707,PHC,yes,yes,35,44,9
6/22/2024,University Of Maiduguri Teaching Hospital Umth,Alau,Jere,Borno,11.85772,13.28938,PHC,yes,yes,18,22,4
6/2/2024,505 Housing Estate Health Clinic,Mashamari,Jere,Borno,11.90226,13.28055,PHC,yes,yes,23,30,7
6/23/2024,Fori Clinic,Gongulong,Jere,Borno,11.80049,13.30831,PHC,no,no,9,11,2
6/23/2024,Laje Clinic,Gongulong,Jere,Borno,11.93058,13.24477,PHC,yes,yes,26,28,2
6/14/2024,Chase Clinic,Dala Lawanti,Jere,Borno,11.88984,13.27329,PHC,yes,yes,8,8,0
6/3/2024,Koshebe Clinic,Bale Galtimari,Jere,Borno,11.83613,13.2851,PHC,yes,no,20,20,0
6/14/2024,202 Clinic,Bale Galtimari,Jere,Borno,11.81926,13.27129,PHC,yes,yes,13,16,3
6/27/2024,Tamus Ngamdaa Clinic,Dala Lawanti,Jere,Borno,11.93934,13.31329,PHC,yes,no,29,29,0
6/5/2024,Dusuman Health Center,Maimusari,Jere,Borno,11.86572,13.27764,PHC,yes,yes,35,47,12
6/4/2024,Dala Clinic,Dusuman,Jere,Borno,11.88827,13.20108,PHC,no,yes,11,14,3
6/21/2024,Jiddari Primary Health Center,Gongulong,Jere,Borno,11.81063,13.2357,PHC,yes,yes,8,8,0
6/15/2024,Gongu Along Model Primary Health Center,Bale Galtimari,Jere,Borno,11.83645,13.27095,PHC,yes,yes,16,17,1
6/6/2024,Gomari Clinic,Mashamari,Jere,Borno,11.87005,13.30936,PHC,yes,no,20,21,1
6/12/2024,Dalaram Clinic,Ngudda/Addamari,Jere,Borno,11.92009,13.21639,PHC,yes,yes,34,34,0
6/18/2024,Mashamari Clinic,Gomari,Jere,Borno,11.83747,13.33849,PHC,yes,no,11,14,3
6/8/2024,Mairi Clinic,Alau,Jere,Borno,11.94535,13.33896,PHC,no,yes,8,9,1
6/23/2024,Zabamari Clinic,Dusuman,Jere,Borno,11.93537,13.2247,PHC,yes,yes,9,10,1
6/22/2024,Maimusari Health Clinic,Ngudda/Addamari,Jere,Borno,11.90449,13.30958,PHC,no,no,21,24,3
7/20/2024,Farm Center Idp Camp,Mairi,Jere,Borno,11.88839,13.32141,PHC,yes,no,13,16,3
7/17/2024,Taimakon Jamaa Health Clinic,Dala Lawanti,Jere,Borno,11.8323,13.31452,PHC,yes,yes,29,39,10
7/5/2024,Khadammari Health Clinic,Tuba,Jere,Borno,11.92107,13.30946,PHC,yes,no,22,25,3
7/15/2024,Lambu 2 Idp Camp Clinic,Tuba,Jere,Borno,11.8866,13.30569,PHC,yes,yes,21,27,6
7/8/2024,Madinatu Idp Camp Clinic,Old Maiduguri,Jere,Borno,11.92997,13.25702,PHC,yes,no,16,20,4
7/19/2024,Divine Health Clinic,Mairi,Jere,Borno,11.90527,13.30253,PHC,yes,yes,28,29,1
7/17/2024,Fariya Idp Camp Clinic,Maimusari,Jere,Borno,11.85692,13.34843,PHC,yes,yes,9,11,2
7/27/2024,Dalori Idp Camp Clinic,Alau,Jere,Borno,11.92076,13.26017,PHC,yes,no,8,9,1
7/16/2024,Benisheikh Maternal and Child Health,Gomari,Jere,Borno,11.89832,13.25934,PHC,no,yes,24,31,7
7/7/2024,Elmiskin Idp Clinic,Dusuman,Jere,Borno,11.91205,13.26427,PHC,yes,yes,19,22,3
7/7/2024,Madinatu Idp Camp,Old Maiduguri,Jere,Borno,11.81364,13.20707,PHC,yes,yes,29,30,1
7/19/2024,University Of Maiduguri Teaching Hospital Umth,Alau,Jere,Borno,11.85772,13.28938,PHC,yes,yes,28,34,6
7/9/2024,505 Housing Estate Health Clinic,Mashamari,Jere,Borno,11.90226,13.28055,PHC,yes,yes,25,29,4
7/16/2024,Fori Clinic,Gongulong,Jere,Borno,11.80049,13.30831,PHC,no,no,24,25,1
7/13/2024,Laje Clinic,Gongulong,Jere,Borno,11.93058,13.24477,PHC,yes,yes,28,37,9
7/17/2024,Chase Clinic,Dala Lawanti,Jere,Borno,11.88984,13.27329,PHC,yes,yes,19,19,0
7/21/2024,Koshebe Clinic,Bale Galtimari,Jere,Borno,11.83613,13.2851,PHC,yes,no,21,27,6
7/23/2024,202 Clinic,Bale Galtimari,Jere,Borno,11.81926,13.27129,PHC,yes,yes,26,31,5
7/5/2024,Tamus Ngamdaa Clinic,Dala Lawanti,Jere,Borno,11.93934,13.31329,PHC,yes,no,19,19,0
7/15/2024,Dusuman Health Center,Maimusari,Jere,Borno,11.86572,13.27764,PHC,yes,yes,27,33,6
7/13/2024,Dala Clinic,Dusuman,Jere,Borno,11.88827,13.20108,PHC,no,yes,16,22,6
7/3/2024,Jiddari Primary Health Center,Gongulong,Jere,Borno,11.81063,13.2357,PHC,yes,yes,15,15,0
7/27/2024,Gongu Along Model Primary Health Center,Bale Galtimari,Jere,Borno,11.83645,13.27095,PHC,yes,yes,25,34,9
7/28/2024,Gomari Clinic,Mashamari,Jere,Borno,11.87005,13.30936,PHC,yes,no,15,17,2
7/19/2024,Dalaram Clinic,Ngudda/Addamari,Jere,Borno,11.92009,13.21639,PHC,yes,yes,27,29,2
7/1/2024,Mashamari Clinic,Gomari,Jere,Borno,11.83747,13.33849,PHC,yes,no,19,26,7
7/13/2024,Mairi Clinic,Alau,Jere,Borno,11.94535,13.33896,PHC,no,yes,29,34,5
7/19/2024,Zabamari Clinic,Dusuman,Jere,Borno,11.93537,13.2247,PHC,yes,yes,28,36,8
7/7/2024,Maimusari Health Clinic,Ngudda/Addamari,Jere,Borno,11.90449,13.30958,PHC,no,no,17,20,3
8/16/2024,Farm Center Idp Camp,Mairi,Jere,Borno,11.88839,13.32141,PHC,yes,no,26,26,0
8/23/2024,Taimakon Jamaa Health Clinic,Dala Lawanti,Jere,Borno,11.8323,13.31452,PHC,yes,yes,13,13,0
8/6/2024,Khadammari Health Clinic,Tuba,Jere,Borno,11.92107,13.30946,PHC,yes,no,6,6,0
8/1/2024,Lambu 2 Idp Camp Clinic,Tuba,Jere,Borno,11.8866,13.30569,PHC,yes,yes,11,12,1
8/20/2024,Madinatu Idp Camp Clinic,Old Maiduguri,Jere,Borno,11.92997,13.25702,PHC,yes,no,26,34,8
8/14/2024,Divine Health Clinic,Mairi,Jere,Borno,11.90527,13.30253,PHC,yes,yes,23,26,3
8/7/2024,Fariya Idp Camp Clinic,Maimusari,Jere,Borno,11.85692,13.34843,PHC,yes,yes,15,18,3
8/6/2024,Dalori Idp Camp Clinic,Alau,Jere,Borno,11.92076,13.26017,PHC,yes,no,7,7,0
8/9/2024,Benisheikh Maternal and Child Health,Gomari,Jere,Borno,11.89832,13.25934,PHC,no,yes,22,22,0
8/15/2024,Elmiskin Idp Clinic,Dusuman,Jere,Borno,11.91205,13.26427,PHC,yes,yes,14,14,0
8/21/2024,Madinatu Idp Camp,Old Maiduguri,Jere,Borno,11.81364,13.20707,PHC,yes,yes,32,34,2
8/21/2024,University Of Maiduguri Teaching Hospital Umth,Alau,Jere,Borno,11.85772,13.28938,PHC,yes,yes,23,26,3
8/11/2024,505 Housing Estate Health Clinic,Mashamari,Jere,Borno,11.90226,13.28055,PHC,yes,yes,30,34,4
8/27/2024,Fori Clinic,Gongulong,Jere,Borno,11.80049,13.30831,PHC,no,no,24,32,8
8/5/2024,Laje Clinic,Gongulong,Jere,Borno,11.93058,13.24477,PHC,yes,yes,15,17,2
8/19/2024,Chase Clinic,Dala Lawanti,Jere,Borno,11.88984,13.27329,PHC,yes,yes,19,22,3
8/26/2024,Koshebe Clinic,Bale Galtimari,Jere,Borno,11.83613,13.2851,PHC,yes,no,11,11,0
8/13/2024,202 Clinic,Bale Galtimari,Jere,Borno,11.81926,13.27129,PHC,yes,yes,24,27,3
8/1/2024,Tamus Ngamdaa Clinic,Dala Lawanti,Jere,Borno,11.93934,13.31329,PHC,yes,no,25,26,1
8/20/2024,Dusuman Health Center,Maimusari,Jere,Borno,11.86572,13.27764,PHC,yes,yes,9,10,1
8/28/2024,Dala Clinic,Dusuman,Jere,Borno,11.88827,13.20108,PHC,no,yes,9,11,2
8/19/2024,Jiddari Primary Health Center,Gongulong,Jere,Borno,11.81063,13.2357,PHC,yes,yes,31,40,9
8/11/2024,Gongu Along Model Primary Health Center,Bale Galtimari,Jere,Borno,11.83645,13.27095,PHC,yes,yes,28,29,1
8/9/2024,Gomari Clinic,Mashamari,Jere,Borno,11.87005,13.30936,PHC,yes,no,34,41,7
8/23/2024,Dalaram Clinic,Ngudda/Addamari,Jere,Borno,11.92009,13.21639,PHC,yes,yes,24,32,8
8/8/2024,Mashamari Clinic,Gomari,Jere,Borno,11.83747,13.33849,PHC,yes,no,28,30,2
8/2/2024,Mairi Clinic,Alau,Jere,Borno,11.94535,13.33896,PHC,no,yes,25,30,5
8/27/2024,Zabamari Clinic,Dusuman,Jere,Borno,11.93537,13.2247,PHC,yes,yes,14,14,0
8/24/2024,Maimusari Health Clinic,Ngudda/Addamari,Jere,Borno,11.90449,13.30958,PHC,no,no,11,11,0
9/17/2024,Farm Center Idp Camp,Mairi,Jere,Borno,11.88839,13.32141,PHC,yes,no,11,11,0
9/14/2024,Taimakon Jamaa Health Clinic,Dala Lawanti,Jere,Borno,11.8323,13.31452,PHC,yes,yes,19,20,1
9/16/2024,Khadammari Health Clinic,Tuba,Jere,Borno,11.92107,13.30946,PHC,yes,no,28,30,2
9/6/2024,Lambu 2 Idp Camp Clinic,Tuba,Jere,Borno,11.8866,13.30569,PHC,yes,yes,9,11,2
9/20/2024,Madinatu Idp Camp Clinic,Old Maiduguri,Jere,Borno,11.92997,13.25702,PHC,yes,no,19,23,4
9/19/2024,Divine Health Clinic,Mairi,Jere,Borno,11.90527,13.30253,PHC,yes,yes,18,18,0
9/26/2024,Fariya Idp Camp Clinic,Maimusari,Jere,Borno,11.85692,13.34843,PHC,yes,yes,34,45,11
9/17/2024,Dalori Idp Camp Clinic,Alau,Jere,Borno,11.92076,13.26017,PHC,yes,no,9,11,2
9/25/2024,Benisheikh Maternal and Child Health,Gomari,Jere,Borno,11.89832,13.25934,PHC,no,yes,22,27,5
9/6/2024,Elmiskin Idp Clinic,Dusuman,Jere,Borno,11.91205,13.26427,PHC,yes,yes,25,33,8
9/1/2024,Madinatu Idp Camp,Old Maiduguri,Jere,Borno,11.81364,13.20707,PHC,yes,yes,34,36,2
9/5/2024,University Of Maiduguri Teaching Hospital Umth,Alau,Jere,Borno,11.85772,13.28938,PHC,yes,yes,13,15,2
9/18/2024,505 Housing Estate Health Clinic,Mashamari,Jere,Borno,11.90226,13.28055,PHC,yes,yes,14,17,3
9/1/2024,Fori Clinic,Gongulong,Jere,Borno,11.80049,13.30831,PHC,no,no,24,25,1
9/1/2024,Laje Clinic,Gongulong,Jere,Borno,11.93058,13.24477,PHC,yes,yes,33,38,5
9/1/2024,Chase Clinic,Dala Lawanti,Jere,Borno,11.88984,13.27329,PHC,yes,yes,19,21,2
9/21/2024,Koshebe Clinic,Bale Galtimari,Jere,Borno,11.83613,13.2851,PHC,yes,no,33,40,7
9/16/2024,202 Clinic,Bale Galtimari,Jere,Borno,11.81926,13.27129,PHC,yes,yes,32,35,3
9/19/2024,Tamus Ngamdaa Clinic,Dala Lawanti,Jere,Borno,11.93934,13.31329,PHC,yes,no,33,41,8
9/6/2024,Dusuman Health Center,Maimusari,Jere,Borno,11.86572,13.27764,PHC,yes,yes,26,35,9
9/16/2024,Dala Clinic,Dusuman,Jere,Borno,11.88827,13.20108,PHC,no,yes,19,25,6
9/24/2024,Jiddari Primary Health Center,Gongulong,Jere,Borno,11.81063,13.2357,PHC,yes,yes,15,20,5
9/4/2024,Gongu Along Model Primary Health Center,Bale Galtimari,Jere,Borno,11.83645,13.27095,PHC,yes,yes,14,16,2
9/14/2024,Gomari Clinic,Mashamari,Jere,Borno,11.87005,13.30936,PHC,yes,no,35,41,6
9/24/2024,Dalaram Clinic,Ngudda/Addamari,Jere,Borno,11.92009,13.21639,PHC,yes,yes,27,28,1
9/19/2024,Mashamari Clinic,Gomari,Jere,Borno,11.83747,13.33849,PHC,yes,no,34,34,0
9/9/2024,Mairi Clinic,Alau,Jere,Borno,11.94535,13.33896,PHC,no,yes,28,31,3
9/20/2024,Zabamari Clinic,Dusuman,Jere,Borno,11.93537,13.2247,PHC,yes,yes,7,8,1
9/8/2024,Maimusari Health Clinic,Ngudda/Addamari,Jere,Borno,11.90449,13.30958,PHC,no,no,32,40,8
10/10/2024,Farm Center Idp Camp,Mairi,Jere,Borno,11.88839,13.32141,PHC,yes,no,9,11,2
10/25/2024,Taimakon Jamaa Health Clinic,Dala Lawanti,Jere,Borno,11.8323,13.31452,PHC,yes,yes,15,19,4
10/25/2024,Khadammari Health Clinic,Tuba,Jere,Borno,11.92107,13.30946,PHC,yes,no,25,31,6
10/7/2024,Lambu 2 Idp Camp Clinic,Tuba,Jere,Borno,11.8866,13.30569,PHC,yes,yes,13,15,2
10/2/2024,Madinatu Idp Camp Clinic,Old Maiduguri,Jere,Borno,11.92997,13.25702,PHC,yes,no,17,17,0
10/16/2024,Divine Health Clinic,Mairi,Jere,Borno,11.90527,13.30253,PHC,yes,yes,35,43,8
10/16/2024,Fariya Idp Camp Clinic,Maimusari,Jere,Borno,11.85692,13.34843,PHC,yes,yes,11,13,2
10/16/2024,Dalori Idp Camp Clinic,Alau,Jere,Borno,11.92076,13.26017,PHC,yes,no,11,13,2
10/12/2024,Benisheikh Maternal and Child Health,Gomari,Jere,Borno,11.89832,13.25934,PHC,no,yes,17,19,2
10/19/2024,Elmiskin Idp Clinic,Dusuman,Jere,Borno,11.91205,13.26427,PHC,yes,yes,23,27,4
10/24/2024,Madinatu Idp Camp,Old Maiduguri,Jere,Borno,11.81364,13.20707,PHC,yes,yes,17,21,4
10/22/2024,University Of Maiduguri Teaching Hospital Umth,Alau,Jere,Borno,11.85772,13.28938,PHC,yes,yes,9,10,1
10/26/2024,505 Housing Estate Health Clinic,Mashamari,Jere,Borno,11.90226,13.28055,PHC,yes,yes,16,21,5
10/24/2024,Fori Clinic,Gongulong,Jere,Borno,11.80049,13.30831,PHC,no,no,27,30,3
10/17/2024,Laje Clinic,Gongulong,Jere,Borno,11.93058,13.24477,PHC,yes,yes,28,36,8
10/21/2024,Chase Clinic,Dala Lawanti,Jere,Borno,11.88984,13.27329,PHC,yes,yes,13,17,4
10/15/2024,Koshebe Clinic,Bale Galtimari,Jere,Borno,11.83613,13.2851,PHC,yes,no,12,14,2
10/8/2024,202 Clinic,Bale Galtimari,Jere,Borno,11.81926,13.27129,PHC,yes,yes,28,33,5
10/12/2024,Tamus Ngamdaa Clinic,Dala Lawanti,Jere,Borno,11.93934,13.31329,PHC,yes,no,23,27,4
10/16/2024,Dusuman Health Center,Maimusari,Jere,Borno,11.86572,13.27764,PHC,yes,yes,21,28,7
10/7/2024,Dala Clinic,Dusuman,Jere,Borno,11.88827,13.20108,PHC,no,yes,21,23,2
10/20/2024,Jiddari Primary Health Center,Gongulong,Jere,Borno,11.81063,13.2357,PHC,yes,yes,35,45,10
10/21/2024,Gongu Along Model Primary Health Center,Bale Galtimari,Jere,Borno,11.83645,13.27095,PHC,yes,yes,24,32,8
10/9/2024,Gomari Clinic,Mashamari,Jere,Borno,11.87005,13.30936,PHC,yes,no,8,9,1
10/15/2024,Dalaram Clinic,Ngudda/Addamari,Jere,Borno,11.92009,13.21639,PHC,yes,yes,8,9,1
10/17/2024,Mashamari Clinic,Gomari,Jere,Borno,11.83747,13.33849,PHC,yes,no,32,40,8
10/19/2024,Mairi Clinic,Alau,Jere,Borno,11.94535,13.33896,PHC,no,yes,12,14,2
10/10/2024,Zabamari Clinic,Dusuman,Jere,Borno,11.93537,13.2247,PHC,yes,yes,26,30,4
10/17/2024,Maimusari Health Clinic,Ngudda/Addamari,Jere,Borno,11.90449,13.30958,PHC,no,no,11,13,2
11/22/2024,Farm Center Idp Camp,Mairi,Jere,Borno,11.88839,13.32141,PHC,yes,no,34,43,9
11/13/2024,Taimakon Jamaa Health Clinic,Dala Lawanti,Jere,Borno,11.8323,13.31452,PHC,yes,yes,15,15,0
11/24/2024,Khadammari Health Clinic,Tuba,Jere,Borno,11.92107,13.30946,PHC,yes,no,29,29,0
11/23/2024,Lambu 2 Idp Camp Clinic,Tuba,Jere,Borno,11.8866,13.30569,PHC,yes,yes,34,39,5
11/5/2024,Madinatu Idp Camp Clinic,Old Maiduguri,Jere,Borno,11.92997,13.25702,PHC,yes,no,14,14,0
11/2/2024,Divine Health Clinic,Mairi,Jere,Borno,11.90527,13.30253,PHC,yes,yes,8,10,2
11/23/2024,Fariya Idp Camp Clinic,Maimusari,Jere,Borno,11.85692,13.34843,PHC,yes,yes,17,21,4
11/17/2024,Dalori Idp Camp Clinic,Alau,Jere,Borno,11.92076,13.26017,PHC,yes,no,16,18,2
11/10/2024,Benisheikh Maternal and Child Health,Gomari,Jere,Borno,11.89832,13.25934,PHC,no,yes,31,35,4
11/6/2024,Elmiskin Idp Clinic,Dusuman,Jere,Borno,11.91205,13.26427,PHC,yes,yes,24,24,0
11/10/2024,Madinatu Idp Camp,Old Maiduguri,Jere,Borno,11.81364,13.20707,PHC,yes,yes,8,8,0
11/6/2024,University Of Maiduguri Teaching Hospital Umth,Alau,Jere,Borno,11.85772,13.28938,PHC,yes,yes,30,41,11
11/21/2024,505 Housing Estate Health Clinic,Mashamari,Jere,Borno,11.90226,13.28055,PHC,yes,yes,28,36,8
11/16/2024,Fori Clinic,Gongulong,Jere,Borno,11.80049,13.30831,PHC,no,no,35,45,10
11/6/2024,Laje Clinic,Gongulong,Jere,Borno,11.93058,13.24477,PHC,yes,yes,9,12,3
11/15/2024,Chase Clinic,Dala Lawanti,Jere,Borno,11.88984,13.27329,PHC,yes,yes,25,34,9
11/19/2024,Koshebe Clinic,Bale Galtimari,Jere,Borno,11.83613,13.2851,PHC,yes,no,33,42,9
11/14/2024,202 Clinic,Bale Galtimari,Jere,Borno,11.81926,13.27129,PHC,yes,yes,14,16,2
11/5/2024,Tamus Ngamdaa Clinic,Dala Lawanti,Jere,Borno,11.93934,13.31329,PHC,yes,no,10,12,2
11/21/2024,Dusuman Health Center,Maimusari,Jere,Borno,11.86572,13.27764,PHC,yes,yes,22,27,5
11/1/2024,Dala Clinic,Dusuman,Jere,Borno,11.88827,13.20108,PHC,no,yes,13,13,0
11/12/2024,Jiddari Primary Health Center,Gongulong,Jere,Borno,11.81063,13.2357,PHC,yes,yes,24,26,2
11/28/2024,Gongu Along Model Primary Health Center,Bale Galtimari,Jere,Borno,11.83645,13.27095,PHC,yes,yes,18,22,4
11/24/2024,Gomari Clinic,Mashamari,Jere,Borno,11.87005,13.30936,PHC,yes,no,11,11,0
11/19/2024,Dalaram Clinic,Ngudda/Addamari,Jere,Borno,11.92009,13.21639,PHC,yes,yes,30,41,11
11/28/2024,Mashamari Clinic,Gomari,Jere,Borno,11.83747,13.33849,PHC,yes,no,16,17,1
11/25/2024,Mairi Clinic,Alau,Jere,Borno,11.94535,13.33896,PHC,no,yes,16,16,0
11/11/2024,Zabamari Clinic,Dusuman,Jere,Borno,11.93537,13.2247,PHC,yes,yes,8,8,0
11/4/2024,Maimusari Health Clinic,Ngudda/Addamari,Jere,Borno,11.90449,13.30958,PHC,no,no,16,16,0
12/5/2024,Farm Center Idp Camp,Mairi,Jere,Borno,11.88839,13.32141,PHC,yes,no,13,17,4
12/26/2024,Taimakon Jamaa Health Clinic,Dala Lawanti,Jere,Borno,11.8323,13.31452,PHC,yes,yes,14,17,3
12/9/2024,Khadammari Health Clinic,Tuba,Jere,Borno,11.92107,13.30946,PHC,yes,no,34,42,8
12/15/2024,Lambu 2 Idp Camp Clinic,Tuba,Jere,Borno,11.8866,13.30569,PHC,yes,yes,12,13,1
12/18/2024,Madinatu Idp Camp Clinic,Old Maiduguri,Jere,Borno,11.92997,13.25702,PHC,yes,no,32,32,0
12/27/2024,Divine Health Clinic,Mairi,Jere,Borno,11.90527,13.30253,PHC,yes,yes,19,24,5
12/8/2024,Fariya Idp Camp Clinic,Maimusari,Jere,Borno,11.85692,13.34843,PHC,yes,yes,35,42,7
12/7/2024,Dalori Idp Camp Clinic,Alau,Jere,Borno,11.92076,13.26017,PHC,yes,no,8,10,2
12/15/2024,Benisheikh Maternal and Child Health,Gomari,Jere,Borno,11.89832,13.25934,PHC,no,yes,14,16,2
12/11/2024,Elmiskin Idp Clinic,Dusuman,Jere,Borno,11.91205,13.26427,PHC,yes,yes,21,26,5
12/12/2024,Madinatu Idp Camp,Old Maiduguri,Jere,Borno,11.81364,13.20707,PHC,yes,yes,35,47,12
12/19/2024,University Of Maiduguri Teaching Hospital Umth,Alau,Jere,Borno,11.85772,13.28938,PHC,yes,yes,35,35,0
12/27/2024,505 Housing Estate Health Clinic,Mashamari,Jere,Borno,11.90226,13.28055,PHC,yes,yes,16,20,4
12/7/2024,Fori Clinic,Gongulong,Jere,Borno,11.80049,13.30831,PHC,no,no,26,35,9
12/26/2024,Laje Clinic,Gongulong,Jere,Borno,11.93058,13.24477,PHC,yes,yes,8,10,2
12/7/2024,Chase Clinic,Dala Lawanti,Jere,Borno,11.88984,13.27329,PHC,yes,yes,33,45,12
12/9/2024,Koshebe Clinic,Bale Galtimari,Jere,Borno,11.83613,13.2851,PHC,yes,no,20,25,5
12/28/2024,202 Clinic,Bale Galtimari,Jere,Borno,11.81926,13.27129,PHC,yes,yes,26,34,8
12/7/2024,Tamus Ngamdaa Clinic,Dala Lawanti,Jere,Borno,11.93934,13.31329,PHC,yes,no,25,25,0
12/10/2024,Dusuman Health Center,Maimusari,Jere,Borno,11.86572,13.27764,PHC,yes,yes,30,41,11
12/28/2024,Dala Clinic,Dusuman,Jere,Borno,11.88827,13.20108,PHC,no,yes,9,12,3
12/6/2024,Jiddari Primary Health Center,Gongulong,Jere,Borno,11.81063,13.2357,PHC,yes,yes,14,16,2
12/9/2024,Gongu Along Model Primary Health Center,Bale Galtimari,Jere,Borno,11.83645,13.27095,PHC,yes,yes,10,11,1
12/16/2024,Gomari Clinic,Mashamari,Jere,Borno,11.87005,13.30936,PHC,yes,no,14,17,3
12/27/2024,Dalaram Clinic,Ngudda/Addamari,Jere,Borno,11.92009,13.21639,PHC,yes,yes,7,8,1
12/11/2024,Mashamari Clinic,Gomari,Jere,Borno,11.83747,13.33849,PHC,yes,no,17,19,2
12/25/2024,Mairi Clinic,Alau,Jere,Borno,11.94535,13.33896,PHC,no,yes,29,39,10
12/19/2024,Zabamari Clinic,Dusuman,Jere,Borno,11.93537,13.2247,PHC,yes,yes,19,24,5
12/20/2024,Maimusari Health Clinic,Ngudda/Addamari,Jere,Borno,11.90449,13.30958,PHC,no,no,21,27,6
